contest,choice,precinct_id,vote,polling_place_votes,early_votes,late_early_votes,provisional_votes,party_name,contest_name,candidate,precinct_designation,precinct,votes_allowed,referendum_flag
0,0,0,786,0,0,0,0,0,,Registered Voters,REGISTERED VOTERS,Red Butte,0,
0,0,0,116,0,0,0,0,0,,Registered Voters,REGISTERED VOTERS,Painted Desert,0,
0,0,0,17,0,0,0,0,0,,Registered Voters,REGISTERED VOTERS,Hubbell,0,
0,0,0,555,0,0,0,0,0,,Registered Voters,REGISTERED VOTERS,Black Buttes,0,
0,0,0,148,0,0,0,0,0,,Registered Voters,REGISTERED VOTERS,Cedar Valley,0,
0,0,0,57,0,0,0,0,0,,Registered Voters,REGISTERED VOTERS,Stone Butte,0,
0,0,0,520,0,0,0,0,0,,Registered Voters,REGISTERED VOTERS,Pioneer,0,
0,0,0,259,0,0,0,0,0,,Registered Voters,REGISTERED VOTERS,Antelope,0,
0,0,0,82,0,0,0,0,0,,Registered Voters,REGISTERED VOTERS,Juniper,0,
0,0,1,68,0,0,0,0,0,,Registered Voters,REGISTERED VOTERS,Bison,0,
0,0,1,189,0,0,0,0,0,,Registered Voters,REGISTERED VOTERS,Mogollon,0,
0,0,1,78,0,0,0,0,0,,Registered Voters,REGISTERED VOTERS,Woodland,0,
0,0,1,539,0,0,0,0,0,,Registered Voters,REGISTERED VOTERS,Sitgreaves,0,
0,0,1,807,0,0,0,0,0,,Registered Voters,REGISTERED VOTERS,Sunrise,0,
0,0,0,121,0,0,0,0,0,REP,REGISTERED VOTERS - REPUBLICAN PARTY,REGISTERED VOTERS - REPUBLICAN PARTY,Red Butte,0,
0,0,0,15,0,0,0,0,0,REP,REGISTERED VOTERS - REPUBLICAN PARTY,REGISTERED VOTERS - REPUBLICAN PARTY,Painted Desert,0,
0,0,0,8,0,0,0,0,0,REP,REGISTERED VOTERS - REPUBLICAN PARTY,REGISTERED VOTERS - REPUBLICAN PARTY,Hubbell,0,
0,0,0,126,0,0,0,0,0,REP,REGISTERED VOTERS - REPUBLICAN PARTY,REGISTERED VOTERS - REPUBLICAN PARTY,Black Buttes,0,
0,0,0,13,0,0,0,0,0,REP,REGISTERED VOTERS - REPUBLICAN PARTY,REGISTERED VOTERS - REPUBLICAN PARTY,Cedar Valley,0,
0,0,0,4,0,0,0,0,0,REP,REGISTERED VOTERS - REPUBLICAN PARTY,REGISTERED VOTERS - REPUBLICAN PARTY,Stone Butte,0,
0,0,0,437,0,0,0,0,0,REP,REGISTERED VOTERS - REPUBLICAN PARTY,REGISTERED VOTERS - REPUBLICAN PARTY,Pioneer,0,
0,0,0,128,0,0,0,0,0,REP,REGISTERED VOTERS - REPUBLICAN PARTY,REGISTERED VOTERS - REPUBLICAN PARTY,Antelope,0,
0,0,0,55,0,0,0,0,0,REP,REGISTERED VOTERS - REPUBLICAN PARTY,REGISTERED VOTERS - REPUBLICAN PARTY,Juniper,0,
0,0,1,54,0,0,0,0,0,REP,REGISTERED VOTERS - REPUBLICAN PARTY,REGISTERED VOTERS - REPUBLICAN PARTY,Bison,0,
0,0,1,146,0,0,0,0,0,REP,REGISTERED VOTERS - REPUBLICAN PARTY,REGISTERED VOTERS - REPUBLICAN PARTY,Mogollon,0,
0,0,1,54,0,0,0,0,0,REP,REGISTERED VOTERS - REPUBLICAN PARTY,REGISTERED VOTERS - REPUBLICAN PARTY,Woodland,0,
0,0,1,396,0,0,0,0,0,REP,REGISTERED VOTERS - REPUBLICAN PARTY,REGISTERED VOTERS - REPUBLICAN PARTY,Sitgreaves,0,
0,0,1,326,0,0,0,0,0,REP,REGISTERED VOTERS - REPUBLICAN PARTY,REGISTERED VOTERS - REPUBLICAN PARTY,Sunrise,0,
0,0,0,663,0,0,0,0,0,DEM,REGISTERED VOTERS - DEMOCRATIC PARTY,REGISTERED VOTERS - DEMOCRATIC PARTY,Red Butte,0,
0,0,0,101,0,0,0,0,0,DEM,REGISTERED VOTERS - DEMOCRATIC PARTY,REGISTERED VOTERS - DEMOCRATIC PARTY,Painted Desert,0,
0,0,0,8,0,0,0,0,0,DEM,REGISTERED VOTERS - DEMOCRATIC PARTY,REGISTERED VOTERS - DEMOCRATIC PARTY,Hubbell,0,
0,0,0,427,0,0,0,0,0,DEM,REGISTERED VOTERS - DEMOCRATIC PARTY,REGISTERED VOTERS - DEMOCRATIC PARTY,Black Buttes,0,
0,0,0,135,0,0,0,0,0,DEM,REGISTERED VOTERS - DEMOCRATIC PARTY,REGISTERED VOTERS - DEMOCRATIC PARTY,Cedar Valley,0,
0,0,0,52,0,0,0,0,0,DEM,REGISTERED VOTERS - DEMOCRATIC PARTY,REGISTERED VOTERS - DEMOCRATIC PARTY,Stone Butte,0,
0,0,0,83,0,0,0,0,0,DEM,REGISTERED VOTERS - DEMOCRATIC PARTY,REGISTERED VOTERS - DEMOCRATIC PARTY,Pioneer,0,
0,0,0,131,0,0,0,0,0,DEM,REGISTERED VOTERS - DEMOCRATIC PARTY,REGISTERED VOTERS - DEMOCRATIC PARTY,Antelope,0,
0,0,0,26,0,0,0,0,0,DEM,REGISTERED VOTERS - DEMOCRATIC PARTY,REGISTERED VOTERS - DEMOCRATIC PARTY,Juniper,0,
0,0,1,13,0,0,0,0,0,DEM,REGISTERED VOTERS - DEMOCRATIC PARTY,REGISTERED VOTERS - DEMOCRATIC PARTY,Bison,0,
0,0,1,43,0,0,0,0,0,DEM,REGISTERED VOTERS - DEMOCRATIC PARTY,REGISTERED VOTERS - DEMOCRATIC PARTY,Mogollon,0,
0,0,1,24,0,0,0,0,0,DEM,REGISTERED VOTERS - DEMOCRATIC PARTY,REGISTERED VOTERS - DEMOCRATIC PARTY,Woodland,0,
0,0,1,142,0,0,0,0,0,DEM,REGISTERED VOTERS - DEMOCRATIC PARTY,REGISTERED VOTERS - DEMOCRATIC PARTY,Sitgreaves,0,
0,0,1,480,0,0,0,0,0,DEM,REGISTERED VOTERS - DEMOCRATIC PARTY,REGISTERED VOTERS - DEMOCRATIC PARTY,Sunrise,0,
0,0,0,0,0,0,0,0,0,GRN,REGISTERED VOTERS - GREEN PARTY,REGISTERED VOTERS - GREEN PARTY,Red Butte,0,
0,0,0,0,0,0,0,0,0,GRN,REGISTERED VOTERS - GREEN PARTY,REGISTERED VOTERS - GREEN PARTY,Painted Desert,0,
0,0,0,0,0,0,0,0,0,GRN,REGISTERED VOTERS - GREEN PARTY,REGISTERED VOTERS - GREEN PARTY,Hubbell,0,
0,0,0,0,0,0,0,0,0,GRN,REGISTERED VOTERS - GREEN PARTY,REGISTERED VOTERS - GREEN PARTY,Black Buttes,0,
0,0,0,0,0,0,0,0,0,GRN,REGISTERED VOTERS - GREEN PARTY,REGISTERED VOTERS - GREEN PARTY,Cedar Valley,0,
0,0,0,0,0,0,0,0,0,GRN,REGISTERED VOTERS - GREEN PARTY,REGISTERED VOTERS - GREEN PARTY,Stone Butte,0,
0,0,0,0,0,0,0,0,0,GRN,REGISTERED VOTERS - GREEN PARTY,REGISTERED VOTERS - GREEN PARTY,Pioneer,0,
0,0,0,0,0,0,0,0,0,GRN,REGISTERED VOTERS - GREEN PARTY,REGISTERED VOTERS - GREEN PARTY,Antelope,0,
0,0,0,0,0,0,0,0,0,GRN,REGISTERED VOTERS - GREEN PARTY,REGISTERED VOTERS - GREEN PARTY,Juniper,0,
0,0,1,0,0,0,0,0,0,GRN,REGISTERED VOTERS - GREEN PARTY,REGISTERED VOTERS - GREEN PARTY,Bison,0,
0,0,1,0,0,0,0,0,0,GRN,REGISTERED VOTERS - GREEN PARTY,REGISTERED VOTERS - GREEN PARTY,Mogollon,0,
0,0,1,0,0,0,0,0,0,GRN,REGISTERED VOTERS - GREEN PARTY,REGISTERED VOTERS - GREEN PARTY,Woodland,0,
0,0,1,0,0,0,0,0,0,GRN,REGISTERED VOTERS - GREEN PARTY,REGISTERED VOTERS - GREEN PARTY,Sitgreaves,0,
0,0,1,0,0,0,0,0,0,GRN,REGISTERED VOTERS - GREEN PARTY,REGISTERED VOTERS - GREEN PARTY,Sunrise,0,
0,0,0,245,161,61,7,15,0,,Ballots Cast,BALLOTS CAST,Red Butte,0,
0,0,0,55,41,9,1,4,0,,Ballots Cast,BALLOTS CAST,Painted Desert,0,
0,0,0,8,3,3,0,0,0,,Ballots Cast,BALLOTS CAST,Hubbell,0,
0,0,0,199,74,104,6,13,0,,Ballots Cast,BALLOTS CAST,Black Buttes,0,
0,0,0,50,31,11,1,5,0,,Ballots Cast,BALLOTS CAST,Cedar Valley,0,
0,0,0,17,13,2,0,1,0,,Ballots Cast,BALLOTS CAST,Stone Butte,0,
0,0,0,271,109,128,24,9,0,,Ballots Cast,BALLOTS CAST,Pioneer,0,
0,0,0,101,32,57,9,2,0,,Ballots Cast,BALLOTS CAST,Antelope,0,
0,0,0,45,10,30,3,1,0,,Ballots Cast,BALLOTS CAST,Juniper,0,
0,0,1,39,17,17,4,0,0,,Ballots Cast,BALLOTS CAST,Bison,0,
0,0,1,112,27,70,12,3,0,,Ballots Cast,BALLOTS CAST,Mogollon,0,
0,0,1,35,4,24,4,1,0,,Ballots Cast,BALLOTS CAST,Woodland,0,
0,0,1,295,68,200,22,5,0,,Ballots Cast,BALLOTS CAST,Sitgreaves,0,
0,0,1,327,112,180,18,15,0,,Ballots Cast,BALLOTS CAST,Sunrise,0,
0,0,0,27,17,7,1,1,0,REP,BALLOTS CAST - REPUBLICAN PARTY,BALLOTS CAST - REPUBLICAN PARTY,Red Butte,0,
0,0,0,20,16,2,0,0,0,REP,BALLOTS CAST - REPUBLICAN PARTY,BALLOTS CAST - REPUBLICAN PARTY,Painted Desert,0,
0,0,0,5,2,2,0,0,0,REP,BALLOTS CAST - REPUBLICAN PARTY,BALLOTS CAST - REPUBLICAN PARTY,Hubbell,0,
0,0,0,52,18,28,2,3,0,REP,BALLOTS CAST - REPUBLICAN PARTY,BALLOTS CAST - REPUBLICAN PARTY,Black Buttes,0,
0,0,0,2,1,1,0,0,0,REP,BALLOTS CAST - REPUBLICAN PARTY,BALLOTS CAST - REPUBLICAN PARTY,Cedar Valley,0,
0,0,0,1,0,0,0,0,0,REP,BALLOTS CAST - REPUBLICAN PARTY,BALLOTS CAST - REPUBLICAN PARTY,Stone Butte,0,
0,0,0,238,101,104,22,8,0,REP,BALLOTS CAST - REPUBLICAN PARTY,BALLOTS CAST - REPUBLICAN PARTY,Pioneer,0,
0,0,0,52,19,26,5,0,0,REP,BALLOTS CAST - REPUBLICAN PARTY,BALLOTS CAST - REPUBLICAN PARTY,Antelope,0,
0,0,0,32,8,20,3,0,0,REP,BALLOTS CAST - REPUBLICAN PARTY,BALLOTS CAST - REPUBLICAN PARTY,Juniper,0,
0,0,1,33,14,14,3,0,0,REP,BALLOTS CAST - REPUBLICAN PARTY,BALLOTS CAST - REPUBLICAN PARTY,Bison,0,
0,0,1,89,23,53,10,2,0,REP,BALLOTS CAST - REPUBLICAN PARTY,BALLOTS CAST - REPUBLICAN PARTY,Mogollon,0,
0,0,1,24,4,15,3,0,0,REP,BALLOTS CAST - REPUBLICAN PARTY,BALLOTS CAST - REPUBLICAN PARTY,Woodland,0,
0,0,1,229,58,148,18,4,0,REP,BALLOTS CAST - REPUBLICAN PARTY,BALLOTS CAST - REPUBLICAN PARTY,Sitgreaves,0,
0,0,1,169,40,110,12,6,0,REP,BALLOTS CAST - REPUBLICAN PARTY,BALLOTS CAST - REPUBLICAN PARTY,Sunrise,0,
0,0,0,217,143,54,6,14,0,DEM,BALLOTS CAST - DEMOCRATIC PARTY,BALLOTS CAST - DEMOCRATIC PARTY,Red Butte,0,
0,0,0,35,24,6,1,3,0,DEM,BALLOTS CAST - DEMOCRATIC PARTY,BALLOTS CAST - DEMOCRATIC PARTY,Painted Desert,0,
0,0,0,3,1,1,0,0,0,DEM,BALLOTS CAST - DEMOCRATIC PARTY,BALLOTS CAST - DEMOCRATIC PARTY,Hubbell,0,
0,0,0,147,56,76,4,10,0,DEM,BALLOTS CAST - DEMOCRATIC PARTY,BALLOTS CAST - DEMOCRATIC PARTY,Black Buttes,0,
0,0,0,47,30,10,1,5,0,DEM,BALLOTS CAST - DEMOCRATIC PARTY,BALLOTS CAST - DEMOCRATIC PARTY,Cedar Valley,0,
0,0,0,16,12,1,0,1,0,DEM,BALLOTS CAST - DEMOCRATIC PARTY,BALLOTS CAST - DEMOCRATIC PARTY,Stone Butte,0,
0,0,0,33,8,23,1,0,0,DEM,BALLOTS CAST - DEMOCRATIC PARTY,BALLOTS CAST - DEMOCRATIC PARTY,Pioneer,0,
0,0,0,49,13,30,3,1,0,DEM,BALLOTS CAST - DEMOCRATIC PARTY,BALLOTS CAST - DEMOCRATIC PARTY,Antelope,0,
0,0,0,12,2,9,0,0,0,DEM,BALLOTS CAST - DEMOCRATIC PARTY,BALLOTS CAST - DEMOCRATIC PARTY,Juniper,0,
0,0,1,6,2,3,0,0,0,DEM,BALLOTS CAST - DEMOCRATIC PARTY,BALLOTS CAST - DEMOCRATIC PARTY,Bison,0,
0,0,1,23,4,16,2,0,0,DEM,BALLOTS CAST - DEMOCRATIC PARTY,BALLOTS CAST - DEMOCRATIC PARTY,Mogollon,0,
0,0,1,10,0,9,0,0,0,DEM,BALLOTS CAST - DEMOCRATIC PARTY,BALLOTS CAST - DEMOCRATIC PARTY,Woodland,0,
0,0,1,66,10,51,4,0,0,DEM,BALLOTS CAST - DEMOCRATIC PARTY,BALLOTS CAST - DEMOCRATIC PARTY,Sitgreaves,0,
0,0,1,157,71,69,6,9,0,DEM,BALLOTS CAST - DEMOCRATIC PARTY,BALLOTS CAST - DEMOCRATIC PARTY,Sunrise,0,
0,0,0,0,0,0,0,0,0,GRN,BALLOTS CAST - GREEN PARTY,BALLOTS CAST - GREEN PARTY,Red Butte,0,
0,0,0,0,0,0,0,0,0,GRN,BALLOTS CAST - GREEN PARTY,BALLOTS CAST - GREEN PARTY,Painted Desert,0,
0,0,0,0,0,0,0,0,0,GRN,BALLOTS CAST - GREEN PARTY,BALLOTS CAST - GREEN PARTY,Hubbell,0,
0,0,0,0,0,0,0,0,0,GRN,BALLOTS CAST - GREEN PARTY,BALLOTS CAST - GREEN PARTY,Black Buttes,0,
0,0,0,0,0,0,0,0,0,GRN,BALLOTS CAST - GREEN PARTY,BALLOTS CAST - GREEN PARTY,Cedar Valley,0,
0,0,0,0,0,0,0,0,0,GRN,BALLOTS CAST - GREEN PARTY,BALLOTS CAST - GREEN PARTY,Stone Butte,0,
0,0,0,0,0,0,0,0,0,GRN,BALLOTS CAST - GREEN PARTY,BALLOTS CAST - GREEN PARTY,Pioneer,0,
0,0,0,0,0,0,0,0,0,GRN,BALLOTS CAST - GREEN PARTY,BALLOTS CAST - GREEN PARTY,Antelope,0,
0,0,0,0,0,0,0,0,0,GRN,BALLOTS CAST - GREEN PARTY,BALLOTS CAST - GREEN PARTY,Juniper,0,
0,0,1,0,0,0,0,0,0,GRN,BALLOTS CAST - GREEN PARTY,BALLOTS CAST - GREEN PARTY,Bison,0,
0,0,1,0,0,0,0,0,0,GRN,BALLOTS CAST - GREEN PARTY,BALLOTS CAST - GREEN PARTY,Mogollon,0,
0,0,1,0,0,0,0,0,0,GRN,BALLOTS CAST - GREEN PARTY,BALLOTS CAST - GREEN PARTY,Woodland,0,
0,0,1,0,0,0,0,0,0,GRN,BALLOTS CAST - GREEN PARTY,BALLOTS CAST - GREEN PARTY,Sitgreaves,0,
0,0,1,0,0,0,0,0,0,GRN,BALLOTS CAST - GREEN PARTY,BALLOTS CAST - GREEN PARTY,Sunrise,0,
0,0,0,0,0,0,0,0,0,,BALLOTS CAST - NONPARTISAN,BALLOTS CAST - NONPARTISAN,Red Butte,0,
0,0,0,0,0,0,0,0,0,,BALLOTS CAST - NONPARTISAN,BALLOTS CAST - NONPARTISAN,Painted Desert,0,
0,0,0,0,0,0,0,0,0,,BALLOTS CAST - NONPARTISAN,BALLOTS CAST - NONPARTISAN,Hubbell,0,
0,0,0,0,0,0,0,0,0,,BALLOTS CAST - NONPARTISAN,BALLOTS CAST - NONPARTISAN,Black Buttes,0,
0,0,0,0,0,0,0,0,0,,BALLOTS CAST - NONPARTISAN,BALLOTS CAST - NONPARTISAN,Cedar Valley,0,
0,0,0,0,0,0,0,0,0,,BALLOTS CAST - NONPARTISAN,BALLOTS CAST - NONPARTISAN,Stone Butte,0,
0,0,0,0,0,0,0,0,0,,BALLOTS CAST - NONPARTISAN,BALLOTS CAST - NONPARTISAN,Pioneer,0,
0,0,0,0,0,0,0,0,0,,BALLOTS CAST - NONPARTISAN,BALLOTS CAST - NONPARTISAN,Antelope,0,
0,0,0,0,0,0,0,0,0,,BALLOTS CAST - NONPARTISAN,BALLOTS CAST - NONPARTISAN,Juniper,0,
0,0,1,0,0,0,0,0,0,,BALLOTS CAST - NONPARTISAN,BALLOTS CAST - NONPARTISAN,Bison,0,
0,0,1,0,0,0,0,0,0,,BALLOTS CAST - NONPARTISAN,BALLOTS CAST - NONPARTISAN,Mogollon,0,
0,0,1,0,0,0,0,0,0,,BALLOTS CAST - NONPARTISAN,BALLOTS CAST - NONPARTISAN,Woodland,0,
0,0,1,0,0,0,0,0,0,,BALLOTS CAST - NONPARTISAN,BALLOTS CAST - NONPARTISAN,Sitgreaves,0,
0,0,1,0,0,0,0,0,0,,BALLOTS CAST - NONPARTISAN,BALLOTS CAST - NONPARTISAN,Sunrise,0,
1,0,0,2,2,0,0,0,0,,Blank Ballots Cast,BALLOTS CAST - BLANK,Red Butte,0,
1,0,0,0,0,0,0,0,0,,Blank Ballots Cast,BALLOTS CAST - BLANK,Painted Desert,0,
1,0,0,0,0,0,0,0,0,,Blank Ballots Cast,BALLOTS CAST - BLANK,Hubbell,0,
1,0,0,0,0,0,0,0,0,,Blank Ballots Cast,BALLOTS CAST - BLANK,Black Buttes,0,
1,0,0,0,0,0,0,0,0,,Blank Ballots Cast,BALLOTS CAST - BLANK,Cedar Valley,0,
1,0,0,0,0,0,0,0,0,,Blank Ballots Cast,BALLOTS CAST - BLANK,Stone Butte,0,
1,0,0,1,1,0,0,0,0,,Blank Ballots Cast,BALLOTS CAST - BLANK,Pioneer,0,
1,0,0,0,0,0,0,0,0,,Blank Ballots Cast,BALLOTS CAST - BLANK,Antelope,0,
1,0,0,0,0,0,0,0,0,,Blank Ballots Cast,BALLOTS CAST - BLANK,Juniper,0,
1,0,1,0,0,0,0,0,0,,Blank Ballots Cast,BALLOTS CAST - BLANK,Bison,0,
1,0,1,0,0,0,0,0,0,,Blank Ballots Cast,BALLOTS CAST - BLANK,Mogollon,0,
1,0,1,0,0,0,0,0,0,,Blank Ballots Cast,BALLOTS CAST - BLANK,Woodland,0,
1,0,1,0,0,0,0,0,0,,Blank Ballots Cast,BALLOTS CAST - BLANK,Sitgreaves,0,
1,0,1,1,0,0,0,0,0,,Blank Ballots Cast,BALLOTS CAST - BLANK,Sunrise,0,
10,0,0,0,0,0,0,0,0,REP,PRESIDENT OF THE UNITED STATES,"SANTORUM, RICK",Red Butte,0,
10,0,0,0,0,0,0,0,0,REP,PRESIDENT OF THE UNITED STATES,"SANTORUM, RICK",Painted Desert,0,
10,0,0,0,0,0,0,0,0,REP,PRESIDENT OF THE UNITED STATES,"SANTORUM, RICK",Hubbell,0,
10,0,0,0,0,0,0,0,0,REP,PRESIDENT OF THE UNITED STATES,"SANTORUM, RICK",Black Buttes,0,
10,0,0,0,0,0,0,0,0,REP,PRESIDENT OF THE UNITED STATES,"SANTORUM, RICK",Cedar Valley,0,
10,0,0,0,0,0,0,0,0,REP,PRESIDENT OF THE UNITED STATES,"SANTORUM, RICK",Stone Butte,0,
10,0,0,0,0,0,0,0,0,REP,PRESIDENT OF THE UNITED STATES,"SANTORUM, RICK",Pioneer,0,
10,0,0,0,0,0,0,0,0,REP,PRESIDENT OF THE UNITED STATES,"SANTORUM, RICK",Antelope,0,
10,0,0,0,0,0,0,0,0,REP,PRESIDENT OF THE UNITED STATES,"SANTORUM, RICK",Juniper,0,
10,0,1,0,0,0,0,0,0,REP,PRESIDENT OF THE UNITED STATES,"SANTORUM, RICK",Bison,0,
10,0,1,0,0,0,0,0,0,REP,PRESIDENT OF THE UNITED STATES,"SANTORUM, RICK",Mogollon,0,
10,0,1,0,0,0,0,0,0,REP,PRESIDENT OF THE UNITED STATES,"SANTORUM, RICK",Woodland,0,
10,0,1,0,0,0,0,0,0,REP,PRESIDENT OF THE UNITED STATES,"SANTORUM, RICK",Sitgreaves,0,
10,0,1,0,0,0,0,0,0,REP,PRESIDENT OF THE UNITED STATES,"SANTORUM, RICK",Sunrise,0,
10,0,0,0,0,0,0,0,0,REP,PRESIDENT OF THE UNITED STATES,"COOK, TIM",Red Butte,0,
10,0,0,0,0,0,0,0,0,REP,PRESIDENT OF THE UNITED STATES,"COOK, TIM",Painted Desert,0,
10,0,0,0,0,0,0,0,0,REP,PRESIDENT OF THE UNITED STATES,"COOK, TIM",Hubbell,0,
10,0,0,0,0,0,0,0,0,REP,PRESIDENT OF THE UNITED STATES,"COOK, TIM",Black Buttes,0,
10,0,0,0,0,0,0,0,0,REP,PRESIDENT OF THE UNITED STATES,"COOK, TIM",Cedar Valley,0,
10,0,0,0,0,0,0,0,0,REP,PRESIDENT OF THE UNITED STATES,"COOK, TIM",Stone Butte,0,
10,0,0,0,0,0,0,0,0,REP,PRESIDENT OF THE UNITED STATES,"COOK, TIM",Pioneer,0,
10,0,0,0,0,0,0,0,0,REP,PRESIDENT OF THE UNITED STATES,"COOK, TIM",Antelope,0,
10,0,0,0,0,0,0,0,0,REP,PRESIDENT OF THE UNITED STATES,"COOK, TIM",Juniper,0,
10,0,1,0,0,0,0,0,0,REP,PRESIDENT OF THE UNITED STATES,"COOK, TIM",Bison,0,
10,0,1,0,0,0,0,0,0,REP,PRESIDENT OF THE UNITED STATES,"COOK, TIM",Mogollon,0,
10,0,1,0,0,0,0,0,0,REP,PRESIDENT OF THE UNITED STATES,"COOK, TIM",Woodland,0,
10,0,1,0,0,0,0,0,0,REP,PRESIDENT OF THE UNITED STATES,"COOK, TIM",Sitgreaves,0,
10,0,1,0,0,0,0,0,0,REP,PRESIDENT OF THE UNITED STATES,"COOK, TIM",Sunrise,0,
10,0,0,0,0,0,0,0,0,REP,PRESIDENT OF THE UNITED STATES,"PAUL, RAND",Red Butte,0,
10,0,0,0,0,0,0,0,0,REP,PRESIDENT OF THE UNITED STATES,"PAUL, RAND",Painted Desert,0,
10,0,0,0,0,0,0,0,0,REP,PRESIDENT OF THE UNITED STATES,"PAUL, RAND",Hubbell,0,
10,0,0,0,0,0,0,0,0,REP,PRESIDENT OF THE UNITED STATES,"PAUL, RAND",Black Buttes,0,
10,0,0,0,0,0,0,0,0,REP,PRESIDENT OF THE UNITED STATES,"PAUL, RAND",Cedar Valley,0,
10,0,0,0,0,0,0,0,0,REP,PRESIDENT OF THE UNITED STATES,"PAUL, RAND",Stone Butte,0,
10,0,0,0,0,0,0,0,0,REP,PRESIDENT OF THE UNITED STATES,"PAUL, RAND",Pioneer,0,
10,0,0,0,0,0,0,0,0,REP,PRESIDENT OF THE UNITED STATES,"PAUL, RAND",Antelope,0,
10,0,0,0,0,0,0,0,0,REP,PRESIDENT OF THE UNITED STATES,"PAUL, RAND",Juniper,0,
10,0,1,0,0,0,0,0,0,REP,PRESIDENT OF THE UNITED STATES,"PAUL, RAND",Bison,0,
10,0,1,0,0,0,0,0,0,REP,PRESIDENT OF THE UNITED STATES,"PAUL, RAND",Mogollon,0,
10,0,1,0,0,0,0,0,0,REP,PRESIDENT OF THE UNITED STATES,"PAUL, RAND",Woodland,0,
10,0,1,0,0,0,0,0,0,REP,PRESIDENT OF THE UNITED STATES,"PAUL, RAND",Sitgreaves,0,
10,0,1,0,0,0,0,0,0,REP,PRESIDENT OF THE UNITED STATES,"PAUL, RAND",Sunrise,0,
10,0,0,1,1,0,0,0,0,REP,PRESIDENT OF THE UNITED STATES,"RUBIO, MARCO",Red Butte,0,
10,0,0,0,0,0,0,0,0,REP,PRESIDENT OF THE UNITED STATES,"RUBIO, MARCO",Painted Desert,0,
10,0,0,0,0,0,0,0,0,REP,PRESIDENT OF THE UNITED STATES,"RUBIO, MARCO",Hubbell,0,
10,0,0,4,0,3,0,0,0,REP,PRESIDENT OF THE UNITED STATES,"RUBIO, MARCO",Black Buttes,0,
10,0,0,0,0,0,0,0,0,REP,PRESIDENT OF THE UNITED STATES,"RUBIO, MARCO",Cedar Valley,0,
10,0,0,0,0,0,0,0,0,REP,PRESIDENT OF THE UNITED STATES,"RUBIO, MARCO",Stone Butte,0,
10,0,0,12,0,12,0,0,0,REP,PRESIDENT OF THE UNITED STATES,"RUBIO, MARCO",Pioneer,0,
10,0,0,3,0,3,0,0,0,REP,PRESIDENT OF THE UNITED STATES,"RUBIO, MARCO",Antelope,0,
10,0,0,1,0,1,0,0,0,REP,PRESIDENT OF THE UNITED STATES,"RUBIO, MARCO",Juniper,0,
10,0,1,1,0,1,0,0,0,REP,PRESIDENT OF THE UNITED STATES,"RUBIO, MARCO",Bison,0,
10,0,1,5,0,5,0,0,0,REP,PRESIDENT OF THE UNITED STATES,"RUBIO, MARCO",Mogollon,0,
10,0,1,1,0,1,0,0,0,REP,PRESIDENT OF THE UNITED STATES,"RUBIO, MARCO",Woodland,0,
10,0,1,17,0,17,0,0,0,REP,PRESIDENT OF THE UNITED STATES,"RUBIO, MARCO",Sitgreaves,0,
10,0,1,15,0,14,0,0,0,REP,PRESIDENT OF THE UNITED STATES,"RUBIO, MARCO",Sunrise,0,
10,0,0,0,0,0,0,0,0,REP,PRESIDENT OF THE UNITED STATES,"GRAHAM, LINDSEY",Red Butte,0,
10,0,0,0,0,0,0,0,0,REP,PRESIDENT OF THE UNITED STATES,"GRAHAM, LINDSEY",Painted Desert,0,
10,0,0,0,0,0,0,0,0,REP,PRESIDENT OF THE UNITED STATES,"GRAHAM, LINDSEY",Hubbell,0,
10,0,0,0,0,0,0,0,0,REP,PRESIDENT OF THE UNITED STATES,"GRAHAM, LINDSEY",Black Buttes,0,
10,0,0,0,0,0,0,0,0,REP,PRESIDENT OF THE UNITED STATES,"GRAHAM, LINDSEY",Cedar Valley,0,
10,0,0,0,0,0,0,0,0,REP,PRESIDENT OF THE UNITED STATES,"GRAHAM, LINDSEY",Stone Butte,0,
10,0,0,0,0,0,0,0,0,REP,PRESIDENT OF THE UNITED STATES,"GRAHAM, LINDSEY",Pioneer,0,
10,0,0,0,0,0,0,0,0,REP,PRESIDENT OF THE UNITED STATES,"GRAHAM, LINDSEY",Antelope,0,
10,0,0,0,0,0,0,0,0,REP,PRESIDENT OF THE UNITED STATES,"GRAHAM, LINDSEY",Juniper,0,
10,0,1,0,0,0,0,0,0,REP,PRESIDENT OF THE UNITED STATES,"GRAHAM, LINDSEY",Bison,0,
10,0,1,0,0,0,0,0,0,REP,PRESIDENT OF THE UNITED STATES,"GRAHAM, LINDSEY",Mogollon,0,
10,0,1,0,0,0,0,0,0,REP,PRESIDENT OF THE UNITED STATES,"GRAHAM, LINDSEY",Woodland,0,
10,0,1,0,0,0,0,0,0,REP,PRESIDENT OF THE UNITED STATES,"GRAHAM, LINDSEY",Sitgreaves,0,
10,0,1,0,0,0,0,0,0,REP,PRESIDENT OF THE UNITED STATES,"GRAHAM, LINDSEY",Sunrise,0,
10,0,0,1,0,0,0,0,0,REP,PRESIDENT OF THE UNITED STATES,"KASICH, JOHN R.",Red Butte,0,
10,0,0,0,0,0,0,0,0,REP,PRESIDENT OF THE UNITED STATES,"KASICH, JOHN R.",Painted Desert,0,
10,0,0,0,0,0,0,0,0,REP,PRESIDENT OF THE UNITED STATES,"KASICH, JOHN R.",Hubbell,0,
10,0,0,1,0,1,0,0,0,REP,PRESIDENT OF THE UNITED STATES,"KASICH, JOHN R.",Black Buttes,0,
10,0,0,0,0,0,0,0,0,REP,PRESIDENT OF THE UNITED STATES,"KASICH, JOHN R.",Cedar Valley,0,
10,0,0,0,0,0,0,0,0,REP,PRESIDENT OF THE UNITED STATES,"KASICH, JOHN R.",Stone Butte,0,
10,0,0,9,4,3,1,0,0,REP,PRESIDENT OF THE UNITED STATES,"KASICH, JOHN R.",Pioneer,0,
10,0,0,2,0,0,0,0,0,REP,PRESIDENT OF THE UNITED STATES,"KASICH, JOHN R.",Antelope,0,
10,0,0,0,0,0,0,0,0,REP,PRESIDENT OF THE UNITED STATES,"KASICH, JOHN R.",Juniper,0,
10,0,1,1,0,1,0,0,0,REP,PRESIDENT OF THE UNITED STATES,"KASICH, JOHN R.",Bison,0,
10,0,1,5,1,3,0,0,0,REP,PRESIDENT OF THE UNITED STATES,"KASICH, JOHN R.",Mogollon,0,
10,0,1,1,0,0,0,0,0,REP,PRESIDENT OF THE UNITED STATES,"KASICH, JOHN R.",Woodland,0,
10,0,1,12,3,8,0,0,0,REP,PRESIDENT OF THE UNITED STATES,"KASICH, JOHN R.",Sitgreaves,0,
10,0,1,13,2,9,1,0,0,REP,PRESIDENT OF THE UNITED STATES,"KASICH, JOHN R.",Sunrise,0,
10,0,0,3,2,1,0,0,0,REP,PRESIDENT OF THE UNITED STATES,"BUSH, JEB",Red Butte,0,
10,0,0,0,0,0,0,0,0,REP,PRESIDENT OF THE UNITED STATES,"BUSH, JEB",Painted Desert,0,
10,0,0,0,0,0,0,0,0,REP,PRESIDENT OF THE UNITED STATES,"BUSH, JEB",Hubbell,0,
10,0,0,0,0,0,0,0,0,REP,PRESIDENT OF THE UNITED STATES,"BUSH, JEB",Black Buttes,0,
10,0,0,0,0,0,0,0,0,REP,PRESIDENT OF THE UNITED STATES,"BUSH, JEB",Cedar Valley,0,
10,0,0,0,0,0,0,0,0,REP,PRESIDENT OF THE UNITED STATES,"BUSH, JEB",Stone Butte,0,
10,0,0,0,0,0,0,0,0,REP,PRESIDENT OF THE UNITED STATES,"BUSH, JEB",Pioneer,0,
10,0,0,0,0,0,0,0,0,REP,PRESIDENT OF THE UNITED STATES,"BUSH, JEB",Antelope,0,
10,0,0,0,0,0,0,0,0,REP,PRESIDENT OF THE UNITED STATES,"BUSH, JEB",Juniper,0,
10,0,1,0,0,0,0,0,0,REP,PRESIDENT OF THE UNITED STATES,"BUSH, JEB",Bison,0,
10,0,1,0,0,0,0,0,0,REP,PRESIDENT OF THE UNITED STATES,"BUSH, JEB",Mogollon,0,
10,0,1,0,0,0,0,0,0,REP,PRESIDENT OF THE UNITED STATES,"BUSH, JEB",Woodland,0,
10,0,1,0,0,0,0,0,0,REP,PRESIDENT OF THE UNITED STATES,"BUSH, JEB",Sitgreaves,0,
10,0,1,0,0,0,0,0,0,REP,PRESIDENT OF THE UNITED STATES,"BUSH, JEB",Sunrise,0,
10,0,0,4,3,1,0,0,0,REP,PRESIDENT OF THE UNITED STATES,"TRUMP, DONALD J.",Red Butte,0,
10,0,0,6,4,1,0,0,0,REP,PRESIDENT OF THE UNITED STATES,"TRUMP, DONALD J.",Painted Desert,0,
10,0,0,2,1,1,0,0,0,REP,PRESIDENT OF THE UNITED STATES,"TRUMP, DONALD J.",Hubbell,0,
10,0,0,18,6,10,1,1,0,REP,PRESIDENT OF THE UNITED STATES,"TRUMP, DONALD J.",Black Buttes,0,
10,0,0,0,0,0,0,0,0,REP,PRESIDENT OF THE UNITED STATES,"TRUMP, DONALD J.",Cedar Valley,0,
10,0,0,0,0,0,0,0,0,REP,PRESIDENT OF THE UNITED STATES,"TRUMP, DONALD J.",Stone Butte,0,
10,0,0,86,32,40,9,4,0,REP,PRESIDENT OF THE UNITED STATES,"TRUMP, DONALD J.",Pioneer,0,
10,0,0,15,4,9,1,0,0,REP,PRESIDENT OF THE UNITED STATES,"TRUMP, DONALD J.",Antelope,0,
10,0,0,18,4,11,1,0,0,REP,PRESIDENT OF THE UNITED STATES,"TRUMP, DONALD J.",Juniper,0,
10,0,1,14,6,6,1,0,0,REP,PRESIDENT OF THE UNITED STATES,"TRUMP, DONALD J.",Bison,0,
10,0,1,40,11,24,3,0,0,REP,PRESIDENT OF THE UNITED STATES,"TRUMP, DONALD J.",Mogollon,0,
10,0,1,12,1,8,1,0,0,REP,PRESIDENT OF THE UNITED STATES,"TRUMP, DONALD J.",Woodland,0,
10,0,1,101,25,68,6,1,0,REP,PRESIDENT OF THE UNITED STATES,"TRUMP, DONALD J.",Sitgreaves,0,
10,0,1,77,18,51,4,3,0,REP,PRESIDENT OF THE UNITED STATES,"TRUMP, DONALD J.",Sunrise,0,
10,0,0,0,0,0,0,0,0,REP,PRESIDENT OF THE UNITED STATES,"FIORINA, CARLY",Red Butte,0,
10,0,0,0,0,0,0,0,0,REP,PRESIDENT OF THE UNITED STATES,"FIORINA, CARLY",Painted Desert,0,
10,0,0,0,0,0,0,0,0,REP,PRESIDENT OF THE UNITED STATES,"FIORINA, CARLY",Hubbell,0,
10,0,0,0,0,0,0,0,0,REP,PRESIDENT OF THE UNITED STATES,"FIORINA, CARLY",Black Buttes,0,
10,0,0,0,0,0,0,0,0,REP,PRESIDENT OF THE UNITED STATES,"FIORINA, CARLY",Cedar Valley,0,
10,0,0,0,0,0,0,0,0,REP,PRESIDENT OF THE UNITED STATES,"FIORINA, CARLY",Stone Butte,0,
10,0,0,0,0,0,0,0,0,REP,PRESIDENT OF THE UNITED STATES,"FIORINA, CARLY",Pioneer,0,
10,0,0,0,0,0,0,0,0,REP,PRESIDENT OF THE UNITED STATES,"FIORINA, CARLY",Antelope,0,
10,0,0,0,0,0,0,0,0,REP,PRESIDENT OF THE UNITED STATES,"FIORINA, CARLY",Juniper,0,
10,0,1,0,0,0,0,0,0,REP,PRESIDENT OF THE UNITED STATES,"FIORINA, CARLY",Bison,0,
10,0,1,0,0,0,0,0,0,REP,PRESIDENT OF THE UNITED STATES,"FIORINA, CARLY",Mogollon,0,
10,0,1,0,0,0,0,0,0,REP,PRESIDENT OF THE UNITED STATES,"FIORINA, CARLY",Woodland,0,
10,0,1,0,0,0,0,0,0,REP,PRESIDENT OF THE UNITED STATES,"FIORINA, CARLY",Sitgreaves,0,
10,0,1,0,0,0,0,0,0,REP,PRESIDENT OF THE UNITED STATES,"FIORINA, CARLY",Sunrise,0,
10,1,0,0,0,0,0,0,0,REP,PRESIDENT OF THE UNITED STATES,"PATAKI, GEORGE E.",Red Butte,0,
10,1,0,0,0,0,0,0,0,REP,PRESIDENT OF THE UNITED STATES,"PATAKI, GEORGE E.",Painted Desert,0,
10,1,0,0,0,0,0,0,0,REP,PRESIDENT OF THE UNITED STATES,"PATAKI, GEORGE E.",Hubbell,0,
10,1,0,0,0,0,0,0,0,REP,PRESIDENT OF THE UNITED STATES,"PATAKI, GEORGE E.",Black Buttes,0,
10,1,0,0,0,0,0,0,0,REP,PRESIDENT OF THE UNITED STATES,"PATAKI, GEORGE E.",Cedar Valley,0,
10,1,0,0,0,0,0,0,0,REP,PRESIDENT OF THE UNITED STATES,"PATAKI, GEORGE E.",Stone Butte,0,
10,1,0,0,0,0,0,0,0,REP,PRESIDENT OF THE UNITED STATES,"PATAKI, GEORGE E.",Pioneer,0,
10,1,0,0,0,0,0,0,0,REP,PRESIDENT OF THE UNITED STATES,"PATAKI, GEORGE E.",Antelope,0,
10,1,0,0,0,0,0,0,0,REP,PRESIDENT OF THE UNITED STATES,"PATAKI, GEORGE E.",Juniper,0,
10,1,1,0,0,0,0,0,0,REP,PRESIDENT OF THE UNITED STATES,"PATAKI, GEORGE E.",Bison,0,
10,1,1,0,0,0,0,0,0,REP,PRESIDENT OF THE UNITED STATES,"PATAKI, GEORGE E.",Mogollon,0,
10,1,1,0,0,0,0,0,0,REP,PRESIDENT OF THE UNITED STATES,"PATAKI, GEORGE E.",Woodland,0,
10,1,1,0,0,0,0,0,0,REP,PRESIDENT OF THE UNITED STATES,"PATAKI, GEORGE E.",Sitgreaves,0,
10,1,1,0,0,0,0,0,0,REP,PRESIDENT OF THE UNITED STATES,"PATAKI, GEORGE E.",Sunrise,0,
10,1,0,11,7,2,0,0,0,REP,PRESIDENT OF THE UNITED STATES,"CRUZ, TED",Red Butte,0,
10,1,0,12,11,0,0,0,0,REP,PRESIDENT OF THE UNITED STATES,"CRUZ, TED",Painted Desert,0,
10,1,0,1,1,0,0,0,0,REP,PRESIDENT OF THE UNITED STATES,"CRUZ, TED",Hubbell,0,
10,1,0,22,9,10,1,1,0,REP,PRESIDENT OF THE UNITED STATES,"CRUZ, TED",Black Buttes,0,
10,1,0,1,0,0,0,0,0,REP,PRESIDENT OF THE UNITED STATES,"CRUZ, TED",Cedar Valley,0,
10,1,0,0,0,0,0,0,0,REP,PRESIDENT OF THE UNITED STATES,"CRUZ, TED",Stone Butte,0,
10,1,0,119,61,41,12,4,0,REP,PRESIDENT OF THE UNITED STATES,"CRUZ, TED",Pioneer,0,
10,1,0,28,13,10,3,0,0,REP,PRESIDENT OF THE UNITED STATES,"CRUZ, TED",Antelope,0,
10,1,0,10,2,5,1,0,0,REP,PRESIDENT OF THE UNITED STATES,"CRUZ, TED",Juniper,0,
10,1,1,14,8,4,1,0,0,REP,PRESIDENT OF THE UNITED STATES,"CRUZ, TED",Bison,0,
10,1,1,34,9,17,5,1,0,REP,PRESIDENT OF THE UNITED STATES,"CRUZ, TED",Mogollon,0,
10,1,1,8,1,4,2,0,0,REP,PRESIDENT OF THE UNITED STATES,"CRUZ, TED",Woodland,0,
10,1,1,86,27,46,10,2,0,REP,PRESIDENT OF THE UNITED STATES,"CRUZ, TED",Sitgreaves,0,
10,1,1,56,18,28,6,2,0,REP,PRESIDENT OF THE UNITED STATES,"CRUZ, TED",Sunrise,0,
10,1,0,0,0,0,0,0,0,REP,PRESIDENT OF THE UNITED STATES,"HUCKABEE, MIKE",Red Butte,0,
10,1,0,0,0,0,0,0,0,REP,PRESIDENT OF THE UNITED STATES,"HUCKABEE, MIKE",Painted Desert,0,
10,1,0,0,0,0,0,0,0,REP,PRESIDENT OF THE UNITED STATES,"HUCKABEE, MIKE",Hubbell,0,
10,1,0,0,0,0,0,0,0,REP,PRESIDENT OF THE UNITED STATES,"HUCKABEE, MIKE",Black Buttes,0,
10,1,0,0,0,0,0,0,0,REP,PRESIDENT OF THE UNITED STATES,"HUCKABEE, MIKE",Cedar Valley,0,
10,1,0,0,0,0,0,0,0,REP,PRESIDENT OF THE UNITED STATES,"HUCKABEE, MIKE",Stone Butte,0,
10,1,0,0,0,0,0,0,0,REP,PRESIDENT OF THE UNITED STATES,"HUCKABEE, MIKE",Pioneer,0,
10,1,0,0,0,0,0,0,0,REP,PRESIDENT OF THE UNITED STATES,"HUCKABEE, MIKE",Antelope,0,
10,1,0,0,0,0,0,0,0,REP,PRESIDENT OF THE UNITED STATES,"HUCKABEE, MIKE",Juniper,0,
10,1,1,0,0,0,0,0,0,REP,PRESIDENT OF THE UNITED STATES,"HUCKABEE, MIKE",Bison,0,
10,1,1,0,0,0,0,0,0,REP,PRESIDENT OF THE UNITED STATES,"HUCKABEE, MIKE",Mogollon,0,
10,1,1,0,0,0,0,0,0,REP,PRESIDENT OF THE UNITED STATES,"HUCKABEE, MIKE",Woodland,0,
10,1,1,0,0,0,0,0,0,REP,PRESIDENT OF THE UNITED STATES,"HUCKABEE, MIKE",Sitgreaves,0,
10,1,1,0,0,0,0,0,0,REP,PRESIDENT OF THE UNITED STATES,"HUCKABEE, MIKE",Sunrise,0,
10,1,0,0,0,0,0,0,0,REP,PRESIDENT OF THE UNITED STATES,"CHRISTIE, CHRIS",Red Butte,0,
10,1,0,0,0,0,0,0,0,REP,PRESIDENT OF THE UNITED STATES,"CHRISTIE, CHRIS",Painted Desert,0,
10,1,0,0,0,0,0,0,0,REP,PRESIDENT OF THE UNITED STATES,"CHRISTIE, CHRIS",Hubbell,0,
10,1,0,0,0,0,0,0,0,REP,PRESIDENT OF THE UNITED STATES,"CHRISTIE, CHRIS",Black Buttes,0,
10,1,0,0,0,0,0,0,0,REP,PRESIDENT OF THE UNITED STATES,"CHRISTIE, CHRIS",Cedar Valley,0,
10,1,0,0,0,0,0,0,0,REP,PRESIDENT OF THE UNITED STATES,"CHRISTIE, CHRIS",Stone Butte,0,
10,1,0,0,0,0,0,0,0,REP,PRESIDENT OF THE UNITED STATES,"CHRISTIE, CHRIS",Pioneer,0,
10,1,0,0,0,0,0,0,0,REP,PRESIDENT OF THE UNITED STATES,"CHRISTIE, CHRIS",Antelope,0,
10,1,0,0,0,0,0,0,0,REP,PRESIDENT OF THE UNITED STATES,"CHRISTIE, CHRIS",Juniper,0,
10,1,1,0,0,0,0,0,0,REP,PRESIDENT OF THE UNITED STATES,"CHRISTIE, CHRIS",Bison,0,
10,1,1,0,0,0,0,0,0,REP,PRESIDENT OF THE UNITED STATES,"CHRISTIE, CHRIS",Mogollon,0,
10,1,1,0,0,0,0,0,0,REP,PRESIDENT OF THE UNITED STATES,"CHRISTIE, CHRIS",Woodland,0,
10,1,1,0,0,0,0,0,0,REP,PRESIDENT OF THE UNITED STATES,"CHRISTIE, CHRIS",Sitgreaves,0,
10,1,1,0,0,0,0,0,0,REP,PRESIDENT OF THE UNITED STATES,"CHRISTIE, CHRIS",Sunrise,0,
10,1,0,0,0,0,0,0,0,REP,PRESIDENT OF THE UNITED STATES,"CARSON, BEN",Red Butte,0,
10,1,0,0,0,0,0,0,0,REP,PRESIDENT OF THE UNITED STATES,"CARSON, BEN",Painted Desert,0,
10,1,0,0,0,0,0,0,0,REP,PRESIDENT OF THE UNITED STATES,"CARSON, BEN",Hubbell,0,
10,1,0,2,0,1,0,0,0,REP,PRESIDENT OF THE UNITED STATES,"CARSON, BEN",Black Buttes,0,
10,1,0,0,0,0,0,0,0,REP,PRESIDENT OF THE UNITED STATES,"CARSON, BEN",Cedar Valley,0,
10,1,0,0,0,0,0,0,0,REP,PRESIDENT OF THE UNITED STATES,"CARSON, BEN",Stone Butte,0,
10,1,0,6,1,4,0,0,0,REP,PRESIDENT OF THE UNITED STATES,"CARSON, BEN",Pioneer,0,
10,1,0,1,0,1,0,0,0,REP,PRESIDENT OF THE UNITED STATES,"CARSON, BEN",Antelope,0,
10,1,0,1,0,0,0,0,0,REP,PRESIDENT OF THE UNITED STATES,"CARSON, BEN",Juniper,0,
10,1,1,1,0,0,0,0,0,REP,PRESIDENT OF THE UNITED STATES,"CARSON, BEN",Bison,0,
10,1,1,1,0,1,0,0,0,REP,PRESIDENT OF THE UNITED STATES,"CARSON, BEN",Mogollon,0,
10,1,1,0,0,0,0,0,0,REP,PRESIDENT OF THE UNITED STATES,"CARSON, BEN",Woodland,0,
10,1,1,7,0,6,0,0,0,REP,PRESIDENT OF THE UNITED STATES,"CARSON, BEN",Sitgreaves,0,
10,1,1,4,0,4,0,0,0,REP,PRESIDENT OF THE UNITED STATES,"CARSON, BEN",Sunrise,0,
10,1,0,0,0,0,0,0,0,REP,PRESIDENT OF THE UNITED STATES,OVER VOTES,Red Butte,0,
10,1,0,0,0,0,0,0,0,REP,PRESIDENT OF THE UNITED STATES,OVER VOTES,Painted Desert,0,
10,1,0,0,0,0,0,0,0,REP,PRESIDENT OF THE UNITED STATES,OVER VOTES,Hubbell,0,
10,1,0,0,0,0,0,0,0,REP,PRESIDENT OF THE UNITED STATES,OVER VOTES,Black Buttes,0,
10,1,0,0,0,0,0,0,0,REP,PRESIDENT OF THE UNITED STATES,OVER VOTES,Cedar Valley,0,
10,1,0,0,0,0,0,0,0,REP,PRESIDENT OF THE UNITED STATES,OVER VOTES,Stone Butte,0,
10,1,0,0,0,0,0,0,0,REP,PRESIDENT OF THE UNITED STATES,OVER VOTES,Pioneer,0,
10,1,0,0,0,0,0,0,0,REP,PRESIDENT OF THE UNITED STATES,OVER VOTES,Antelope,0,
10,1,0,0,0,0,0,0,0,REP,PRESIDENT OF THE UNITED STATES,OVER VOTES,Juniper,0,
10,1,1,0,0,0,0,0,0,REP,PRESIDENT OF THE UNITED STATES,OVER VOTES,Bison,0,
10,1,1,0,0,0,0,0,0,REP,PRESIDENT OF THE UNITED STATES,OVER VOTES,Mogollon,0,
10,1,1,0,0,0,0,0,0,REP,PRESIDENT OF THE UNITED STATES,OVER VOTES,Woodland,0,
10,1,1,0,0,0,0,0,0,REP,PRESIDENT OF THE UNITED STATES,OVER VOTES,Sitgreaves,0,
10,1,1,0,0,0,0,0,0,REP,PRESIDENT OF THE UNITED STATES,OVER VOTES,Sunrise,0,
10,1,0,1,1,0,0,0,0,REP,PRESIDENT OF THE UNITED STATES,UNDER VOTES,Red Butte,0,
10,1,0,0,0,0,0,0,0,REP,PRESIDENT OF THE UNITED STATES,UNDER VOTES,Painted Desert,0,
10,1,0,0,0,0,0,0,0,REP,PRESIDENT OF THE UNITED STATES,UNDER VOTES,Hubbell,0,
10,1,0,0,0,0,0,0,0,REP,PRESIDENT OF THE UNITED STATES,UNDER VOTES,Black Buttes,0,
10,1,0,0,0,0,0,0,0,REP,PRESIDENT OF THE UNITED STATES,UNDER VOTES,Cedar Valley,0,
10,1,0,0,0,0,0,0,0,REP,PRESIDENT OF THE UNITED STATES,UNDER VOTES,Stone Butte,0,
10,1,0,1,0,0,0,0,0,REP,PRESIDENT OF THE UNITED STATES,UNDER VOTES,Pioneer,0,
10,1,0,0,0,0,0,0,0,REP,PRESIDENT OF THE UNITED STATES,UNDER VOTES,Antelope,0,
10,1,0,0,0,0,0,0,0,REP,PRESIDENT OF THE UNITED STATES,UNDER VOTES,Juniper,0,
10,1,1,0,0,0,0,0,0,REP,PRESIDENT OF THE UNITED STATES,UNDER VOTES,Bison,0,
10,1,1,0,0,0,0,0,0,REP,PRESIDENT OF THE UNITED STATES,UNDER VOTES,Mogollon,0,
10,1,1,0,0,0,0,0,0,REP,PRESIDENT OF THE UNITED STATES,UNDER VOTES,Woodland,0,
10,1,1,0,0,0,0,0,0,REP,PRESIDENT OF THE UNITED STATES,UNDER VOTES,Sitgreaves,0,
10,1,1,0,0,0,0,0,0,REP,PRESIDENT OF THE UNITED STATES,UNDER VOTES,Sunrise,0,
10,0,0,1,0,0,0,0,0,DEM,PRESIDENT OF THE UNITED STATES,"DE LA FUENTE, ROQUE ""ROCKY""",Red Butte,0,
10,0,0,0,0,0,0,0,0,DEM,PRESIDENT OF THE UNITED STATES,"DE LA FUENTE, ROQUE ""ROCKY""",Painted Desert,0,
10,0,0,0,0,0,0,0,0,DEM,PRESIDENT OF THE UNITED STATES,"DE LA FUENTE, ROQUE ""ROCKY""",Hubbell,0,
10,0,0,2,0,1,0,0,0,DEM,PRESIDENT OF THE UNITED STATES,"DE LA FUENTE, ROQUE ""ROCKY""",Black Buttes,0,
10,0,0,0,0,0,0,0,0,DEM,PRESIDENT OF THE UNITED STATES,"DE LA FUENTE, ROQUE ""ROCKY""",Cedar Valley,0,
10,0,0,0,0,0,0,0,0,DEM,PRESIDENT OF THE UNITED STATES,"DE LA FUENTE, ROQUE ""ROCKY""",Stone Butte,0,
10,0,0,0,0,0,0,0,0,DEM,PRESIDENT OF THE UNITED STATES,"DE LA FUENTE, ROQUE ""ROCKY""",Pioneer,0,
10,0,0,1,0,0,0,0,0,DEM,PRESIDENT OF THE UNITED STATES,"DE LA FUENTE, ROQUE ""ROCKY""",Antelope,0,
10,0,0,0,0,0,0,0,0,DEM,PRESIDENT OF THE UNITED STATES,"DE LA FUENTE, ROQUE ""ROCKY""",Juniper,0,
10,0,1,0,0,0,0,0,0,DEM,PRESIDENT OF THE UNITED STATES,"DE LA FUENTE, ROQUE ""ROCKY""",Bison,0,
10,0,1,0,0,0,0,0,0,DEM,PRESIDENT OF THE UNITED STATES,"DE LA FUENTE, ROQUE ""ROCKY""",Mogollon,0,
10,0,1,0,0,0,0,0,0,DEM,PRESIDENT OF THE UNITED STATES,"DE LA FUENTE, ROQUE ""ROCKY""",Woodland,0,
10,0,1,0,0,0,0,0,0,DEM,PRESIDENT OF THE UNITED STATES,"DE LA FUENTE, ROQUE ""ROCKY""",Sitgreaves,0,
10,0,1,1,0,1,0,0,0,DEM,PRESIDENT OF THE UNITED STATES,"DE LA FUENTE, ROQUE ""ROCKY""",Sunrise,0,
10,0,0,2,1,1,0,0,0,DEM,PRESIDENT OF THE UNITED STATES,"STEINBERG, MICHAEL",Red Butte,0,
10,0,0,0,0,0,0,0,0,DEM,PRESIDENT OF THE UNITED STATES,"STEINBERG, MICHAEL",Painted Desert,0,
10,0,0,0,0,0,0,0,0,DEM,PRESIDENT OF THE UNITED STATES,"STEINBERG, MICHAEL",Hubbell,0,
10,0,0,1,0,1,0,0,0,DEM,PRESIDENT OF THE UNITED STATES,"STEINBERG, MICHAEL",Black Buttes,0,
10,0,0,0,0,0,0,0,0,DEM,PRESIDENT OF THE UNITED STATES,"STEINBERG, MICHAEL",Cedar Valley,0,
10,0,0,0,0,0,0,0,0,DEM,PRESIDENT OF THE UNITED STATES,"STEINBERG, MICHAEL",Stone Butte,0,
10,0,0,1,0,0,0,0,0,DEM,PRESIDENT OF THE UNITED STATES,"STEINBERG, MICHAEL",Pioneer,0,
10,0,0,0,0,0,0,0,0,DEM,PRESIDENT OF THE UNITED STATES,"STEINBERG, MICHAEL",Antelope,0,
10,0,0,0,0,0,0,0,0,DEM,PRESIDENT OF THE UNITED STATES,"STEINBERG, MICHAEL",Juniper,0,
10,0,1,0,0,0,0,0,0,DEM,PRESIDENT OF THE UNITED STATES,"STEINBERG, MICHAEL",Bison,0,
10,0,1,0,0,0,0,0,0,DEM,PRESIDENT OF THE UNITED STATES,"STEINBERG, MICHAEL",Mogollon,0,
10,0,1,0,0,0,0,0,0,DEM,PRESIDENT OF THE UNITED STATES,"STEINBERG, MICHAEL",Woodland,0,
10,0,1,1,0,0,0,0,0,DEM,PRESIDENT OF THE UNITED STATES,"STEINBERG, MICHAEL",Sitgreaves,0,
10,0,1,1,0,0,0,0,0,DEM,PRESIDENT OF THE UNITED STATES,"STEINBERG, MICHAEL",Sunrise,0,
10,0,0,63,43,14,2,4,0,DEM,PRESIDENT OF THE UNITED STATES,"SANDERS, BERNIE",Red Butte,0,
10,0,0,9,5,1,0,1,0,DEM,PRESIDENT OF THE UNITED STATES,"SANDERS, BERNIE",Painted Desert,0,
10,0,0,1,0,0,0,0,0,DEM,PRESIDENT OF THE UNITED STATES,"SANDERS, BERNIE",Hubbell,0,
10,0,0,52,23,22,1,3,0,DEM,PRESIDENT OF THE UNITED STATES,"SANDERS, BERNIE",Black Buttes,0,
10,0,0,12,8,2,0,1,0,DEM,PRESIDENT OF THE UNITED STATES,"SANDERS, BERNIE",Cedar Valley,0,
10,0,0,4,3,0,0,0,0,DEM,PRESIDENT OF THE UNITED STATES,"SANDERS, BERNIE",Stone Butte,0,
10,0,0,17,5,11,0,0,0,DEM,PRESIDENT OF THE UNITED STATES,"SANDERS, BERNIE",Pioneer,0,
10,0,0,24,7,13,2,1,0,DEM,PRESIDENT OF THE UNITED STATES,"SANDERS, BERNIE",Antelope,0,
10,0,0,5,1,3,0,0,0,DEM,PRESIDENT OF THE UNITED STATES,"SANDERS, BERNIE",Juniper,0,
10,0,1,3,1,1,0,0,0,DEM,PRESIDENT OF THE UNITED STATES,"SANDERS, BERNIE",Bison,0,
10,0,1,9,2,5,0,0,0,DEM,PRESIDENT OF THE UNITED STATES,"SANDERS, BERNIE",Mogollon,0,
10,0,1,4,0,3,0,0,0,DEM,PRESIDENT OF THE UNITED STATES,"SANDERS, BERNIE",Woodland,0,
10,0,1,29,4,22,2,0,0,DEM,PRESIDENT OF THE UNITED STATES,"SANDERS, BERNIE",Sitgreaves,0,
10,0,1,57,26,24,2,3,0,DEM,PRESIDENT OF THE UNITED STATES,"SANDERS, BERNIE",Sunrise,0,
10,0,0,3,1,1,0,0,0,DEM,PRESIDENT OF THE UNITED STATES,"O'MALLEY, MARTIN J.",Red Butte,0,
10,0,0,0,0,0,0,0,0,DEM,PRESIDENT OF THE UNITED STATES,"O'MALLEY, MARTIN J.",Painted Desert,0,
10,0,0,0,0,0,0,0,0,DEM,PRESIDENT OF THE UNITED STATES,"O'MALLEY, MARTIN J.",Hubbell,0,
10,0,0,1,0,0,0,0,0,DEM,PRESIDENT OF THE UNITED STATES,"O'MALLEY, MARTIN J.",Black Buttes,0,
10,0,0,0,0,0,0,0,0,DEM,PRESIDENT OF THE UNITED STATES,"O'MALLEY, MARTIN J.",Cedar Valley,0,
10,0,0,0,0,0,0,0,0,DEM,PRESIDENT OF THE UNITED STATES,"O'MALLEY, MARTIN J.",Stone Butte,0,
10,0,0,0,0,0,0,0,0,DEM,PRESIDENT OF THE UNITED STATES,"O'MALLEY, MARTIN J.",Pioneer,0,
10,0,0,1,0,1,0,0,0,DEM,PRESIDENT OF THE UNITED STATES,"O'MALLEY, MARTIN J.",Antelope,0,
10,0,0,0,0,0,0,0,0,DEM,PRESIDENT OF THE UNITED STATES,"O'MALLEY, MARTIN J.",Juniper,0,
10,0,1,0,0,0,0,0,0,DEM,PRESIDENT OF THE UNITED STATES,"O'MALLEY, MARTIN J.",Bison,0,
10,0,1,0,0,0,0,0,0,DEM,PRESIDENT OF THE UNITED STATES,"O'MALLEY, MARTIN J.",Mogollon,0,
10,0,1,0,0,0,0,0,0,DEM,PRESIDENT OF THE UNITED STATES,"O'MALLEY, MARTIN J.",Woodland,0,
10,0,1,1,0,1,0,0,0,DEM,PRESIDENT OF THE UNITED STATES,"O'MALLEY, MARTIN J.",Sitgreaves,0,
10,0,1,1,0,1,0,0,0,DEM,PRESIDENT OF THE UNITED STATES,"O'MALLEY, MARTIN J.",Sunrise,0,
10,0,0,142,94,35,4,8,0,DEM,PRESIDENT OF THE UNITED STATES,"CLINTON, HILLARY",Red Butte,0,
10,0,0,25,18,4,0,1,0,DEM,PRESIDENT OF THE UNITED STATES,"CLINTON, HILLARY",Painted Desert,0,
10,0,0,1,0,1,0,0,0,DEM,PRESIDENT OF THE UNITED STATES,"CLINTON, HILLARY",Hubbell,0,
10,0,0,87,30,49,2,5,0,DEM,PRESIDENT OF THE UNITED STATES,"CLINTON, HILLARY",Black Buttes,0,
10,0,0,34,21,8,0,4,0,DEM,PRESIDENT OF THE UNITED STATES,"CLINTON, HILLARY",Cedar Valley,0,
10,0,0,11,8,1,0,0,0,DEM,PRESIDENT OF THE UNITED STATES,"CLINTON, HILLARY",Stone Butte,0,
10,0,0,12,2,9,0,0,0,DEM,PRESIDENT OF THE UNITED STATES,"CLINTON, HILLARY",Pioneer,0,
10,0,0,19,4,13,1,0,0,DEM,PRESIDENT OF THE UNITED STATES,"CLINTON, HILLARY",Antelope,0,
10,0,0,6,1,5,0,0,0,DEM,PRESIDENT OF THE UNITED STATES,"CLINTON, HILLARY",Juniper,0,
10,0,1,2,0,2,0,0,0,DEM,PRESIDENT OF THE UNITED STATES,"CLINTON, HILLARY",Bison,0,
10,0,1,13,1,10,1,0,0,DEM,PRESIDENT OF THE UNITED STATES,"CLINTON, HILLARY",Mogollon,0,
10,0,1,5,0,4,0,0,0,DEM,PRESIDENT OF THE UNITED STATES,"CLINTON, HILLARY",Woodland,0,
10,0,1,32,4,25,2,0,0,DEM,PRESIDENT OF THE UNITED STATES,"CLINTON, HILLARY",Sitgreaves,0,
10,0,1,93,42,41,4,5,0,DEM,PRESIDENT OF THE UNITED STATES,"CLINTON, HILLARY",Sunrise,0,
10,0,0,2,0,1,0,0,0,DEM,PRESIDENT OF THE UNITED STATES,"HEWES, HENRY",Red Butte,0,
10,0,0,0,0,0,0,0,0,DEM,PRESIDENT OF THE UNITED STATES,"HEWES, HENRY",Painted Desert,0,
10,0,0,0,0,0,0,0,0,DEM,PRESIDENT OF THE UNITED STATES,"HEWES, HENRY",Hubbell,0,
10,0,0,0,0,0,0,0,0,DEM,PRESIDENT OF THE UNITED STATES,"HEWES, HENRY",Black Buttes,0,
10,0,0,0,0,0,0,0,0,DEM,PRESIDENT OF THE UNITED STATES,"HEWES, HENRY",Cedar Valley,0,
10,0,0,0,0,0,0,0,0,DEM,PRESIDENT OF THE UNITED STATES,"HEWES, HENRY",Stone Butte,0,
10,0,0,0,0,0,0,0,0,DEM,PRESIDENT OF THE UNITED STATES,"HEWES, HENRY",Pioneer,0,
10,0,0,0,0,0,0,0,0,DEM,PRESIDENT OF THE UNITED STATES,"HEWES, HENRY",Antelope,0,
10,0,0,0,0,0,0,0,0,DEM,PRESIDENT OF THE UNITED STATES,"HEWES, HENRY",Juniper,0,
10,0,1,0,0,0,0,0,0,DEM,PRESIDENT OF THE UNITED STATES,"HEWES, HENRY",Bison,0,
10,0,1,0,0,0,0,0,0,DEM,PRESIDENT OF THE UNITED STATES,"HEWES, HENRY",Mogollon,0,
10,0,1,0,0,0,0,0,0,DEM,PRESIDENT OF THE UNITED STATES,"HEWES, HENRY",Woodland,0,
10,0,1,0,0,0,0,0,0,DEM,PRESIDENT OF THE UNITED STATES,"HEWES, HENRY",Sitgreaves,0,
10,0,1,0,0,0,0,0,0,DEM,PRESIDENT OF THE UNITED STATES,"HEWES, HENRY",Sunrise,0,
10,0,0,0,0,0,0,0,0,DEM,PRESIDENT OF THE UNITED STATES,OVER VOTES,Red Butte,0,
10,0,0,0,0,0,0,0,0,DEM,PRESIDENT OF THE UNITED STATES,OVER VOTES,Painted Desert,0,
10,0,0,0,0,0,0,0,0,DEM,PRESIDENT OF THE UNITED STATES,OVER VOTES,Hubbell,0,
10,0,0,0,0,0,0,0,0,DEM,PRESIDENT OF THE UNITED STATES,OVER VOTES,Black Buttes,0,
10,0,0,0,0,0,0,0,0,DEM,PRESIDENT OF THE UNITED STATES,OVER VOTES,Cedar Valley,0,
10,0,0,0,0,0,0,0,0,DEM,PRESIDENT OF THE UNITED STATES,OVER VOTES,Stone Butte,0,
10,0,0,0,0,0,0,0,0,DEM,PRESIDENT OF THE UNITED STATES,OVER VOTES,Pioneer,0,
10,0,0,0,0,0,0,0,0,DEM,PRESIDENT OF THE UNITED STATES,OVER VOTES,Antelope,0,
10,0,0,0,0,0,0,0,0,DEM,PRESIDENT OF THE UNITED STATES,OVER VOTES,Juniper,0,
10,0,1,0,0,0,0,0,0,DEM,PRESIDENT OF THE UNITED STATES,OVER VOTES,Bison,0,
10,0,1,0,0,0,0,0,0,DEM,PRESIDENT OF THE UNITED STATES,OVER VOTES,Mogollon,0,
10,0,1,0,0,0,0,0,0,DEM,PRESIDENT OF THE UNITED STATES,OVER VOTES,Woodland,0,
10,0,1,0,0,0,0,0,0,DEM,PRESIDENT OF THE UNITED STATES,OVER VOTES,Sitgreaves,0,
10,0,1,0,0,0,0,0,0,DEM,PRESIDENT OF THE UNITED STATES,OVER VOTES,Sunrise,0,
10,0,0,0,0,0,0,0,0,DEM,PRESIDENT OF THE UNITED STATES,UNDER VOTES,Red Butte,0,
10,0,0,0,0,0,0,0,0,DEM,PRESIDENT OF THE UNITED STATES,UNDER VOTES,Painted Desert,0,
10,0,0,0,0,0,0,0,0,DEM,PRESIDENT OF THE UNITED STATES,UNDER VOTES,Hubbell,0,
10,0,0,0,0,0,0,0,0,DEM,PRESIDENT OF THE UNITED STATES,UNDER VOTES,Black Buttes,0,
10,0,0,0,0,0,0,0,0,DEM,PRESIDENT OF THE UNITED STATES,UNDER VOTES,Cedar Valley,0,
10,0,0,0,0,0,0,0,0,DEM,PRESIDENT OF THE UNITED STATES,UNDER VOTES,Stone Butte,0,
10,0,0,0,0,0,0,0,0,DEM,PRESIDENT OF THE UNITED STATES,UNDER VOTES,Pioneer,0,
10,0,0,0,0,0,0,0,0,DEM,PRESIDENT OF THE UNITED STATES,UNDER VOTES,Antelope,0,
10,0,0,0,0,0,0,0,0,DEM,PRESIDENT OF THE UNITED STATES,UNDER VOTES,Juniper,0,
10,0,1,0,0,0,0,0,0,DEM,PRESIDENT OF THE UNITED STATES,UNDER VOTES,Bison,0,
10,0,1,0,0,0,0,0,0,DEM,PRESIDENT OF THE UNITED STATES,UNDER VOTES,Mogollon,0,
10,0,1,0,0,0,0,0,0,DEM,PRESIDENT OF THE UNITED STATES,UNDER VOTES,Woodland,0,
10,0,1,0,0,0,0,0,0,DEM,PRESIDENT OF THE UNITED STATES,UNDER VOTES,Sitgreaves,0,
10,0,1,0,0,0,0,0,0,DEM,PRESIDENT OF THE UNITED STATES,UNDER VOTES,Sunrise,0,
10,0,0,0,0,0,0,0,0,GRN,PRESIDENT OF THE UNITED STATES,"MESPLAY, KENT",Red Butte,0,
10,0,0,0,0,0,0,0,0,GRN,PRESIDENT OF THE UNITED STATES,"MESPLAY, KENT",Painted Desert,0,
10,0,0,0,0,0,0,0,0,GRN,PRESIDENT OF THE UNITED STATES,"MESPLAY, KENT",Hubbell,0,
10,0,0,0,0,0,0,0,0,GRN,PRESIDENT OF THE UNITED STATES,"MESPLAY, KENT",Black Buttes,0,
10,0,0,0,0,0,0,0,0,GRN,PRESIDENT OF THE UNITED STATES,"MESPLAY, KENT",Cedar Valley,0,
10,0,0,0,0,0,0,0,0,GRN,PRESIDENT OF THE UNITED STATES,"MESPLAY, KENT",Stone Butte,0,
10,0,0,0,0,0,0,0,0,GRN,PRESIDENT OF THE UNITED STATES,"MESPLAY, KENT",Pioneer,0,
10,0,0,0,0,0,0,0,0,GRN,PRESIDENT OF THE UNITED STATES,"MESPLAY, KENT",Antelope,0,
10,0,0,0,0,0,0,0,0,GRN,PRESIDENT OF THE UNITED STATES,"MESPLAY, KENT",Juniper,0,
10,0,1,0,0,0,0,0,0,GRN,PRESIDENT OF THE UNITED STATES,"MESPLAY, KENT",Bison,0,
10,0,1,0,0,0,0,0,0,GRN,PRESIDENT OF THE UNITED STATES,"MESPLAY, KENT",Mogollon,0,
10,0,1,0,0,0,0,0,0,GRN,PRESIDENT OF THE UNITED STATES,"MESPLAY, KENT",Woodland,0,
10,0,1,0,0,0,0,0,0,GRN,PRESIDENT OF THE UNITED STATES,"MESPLAY, KENT",Sitgreaves,0,
10,0,1,0,0,0,0,0,0,GRN,PRESIDENT OF THE UNITED STATES,"MESPLAY, KENT",Sunrise,0,
10,0,0,0,0,0,0,0,0,GRN,PRESIDENT OF THE UNITED STATES,"STEIN, JILL",Red Butte,0,
10,0,0,0,0,0,0,0,0,GRN,PRESIDENT OF THE UNITED STATES,"STEIN, JILL",Painted Desert,0,
10,0,0,0,0,0,0,0,0,GRN,PRESIDENT OF THE UNITED STATES,"STEIN, JILL",Hubbell,0,
10,0,0,0,0,0,0,0,0,GRN,PRESIDENT OF THE UNITED STATES,"STEIN, JILL",Black Buttes,0,
10,0,0,0,0,0,0,0,0,GRN,PRESIDENT OF THE UNITED STATES,"STEIN, JILL",Cedar Valley,0,
10,0,0,0,0,0,0,0,0,GRN,PRESIDENT OF THE UNITED STATES,"STEIN, JILL",Stone Butte,0,
10,0,0,0,0,0,0,0,0,GRN,PRESIDENT OF THE UNITED STATES,"STEIN, JILL",Pioneer,0,
10,0,0,0,0,0,0,0,0,GRN,PRESIDENT OF THE UNITED STATES,"STEIN, JILL",Antelope,0,
10,0,0,0,0,0,0,0,0,GRN,PRESIDENT OF THE UNITED STATES,"STEIN, JILL",Juniper,0,
10,0,1,0,0,0,0,0,0,GRN,PRESIDENT OF THE UNITED STATES,"STEIN, JILL",Bison,0,
10,0,1,0,0,0,0,0,0,GRN,PRESIDENT OF THE UNITED STATES,"STEIN, JILL",Mogollon,0,
10,0,1,0,0,0,0,0,0,GRN,PRESIDENT OF THE UNITED STATES,"STEIN, JILL",Woodland,0,
10,0,1,0,0,0,0,0,0,GRN,PRESIDENT OF THE UNITED STATES,"STEIN, JILL",Sitgreaves,0,
10,0,1,0,0,0,0,0,0,GRN,PRESIDENT OF THE UNITED STATES,"STEIN, JILL",Sunrise,0,
10,0,0,0,0,0,0,0,0,GRN,PRESIDENT OF THE UNITED STATES,OVER VOTES,Red Butte,0,
10,0,0,0,0,0,0,0,0,GRN,PRESIDENT OF THE UNITED STATES,OVER VOTES,Painted Desert,0,
10,0,0,0,0,0,0,0,0,GRN,PRESIDENT OF THE UNITED STATES,OVER VOTES,Hubbell,0,
10,0,0,0,0,0,0,0,0,GRN,PRESIDENT OF THE UNITED STATES,OVER VOTES,Black Buttes,0,
10,0,0,0,0,0,0,0,0,GRN,PRESIDENT OF THE UNITED STATES,OVER VOTES,Cedar Valley,0,
10,0,0,0,0,0,0,0,0,GRN,PRESIDENT OF THE UNITED STATES,OVER VOTES,Stone Butte,0,
10,0,0,0,0,0,0,0,0,GRN,PRESIDENT OF THE UNITED STATES,OVER VOTES,Pioneer,0,
10,0,0,0,0,0,0,0,0,GRN,PRESIDENT OF THE UNITED STATES,OVER VOTES,Antelope,0,
10,0,0,0,0,0,0,0,0,GRN,PRESIDENT OF THE UNITED STATES,OVER VOTES,Juniper,0,
10,0,1,0,0,0,0,0,0,GRN,PRESIDENT OF THE UNITED STATES,OVER VOTES,Bison,0,
10,0,1,0,0,0,0,0,0,GRN,PRESIDENT OF THE UNITED STATES,OVER VOTES,Mogollon,0,
10,0,1,0,0,0,0,0,0,GRN,PRESIDENT OF THE UNITED STATES,OVER VOTES,Woodland,0,
10,0,1,0,0,0,0,0,0,GRN,PRESIDENT OF THE UNITED STATES,OVER VOTES,Sitgreaves,0,
10,0,1,0,0,0,0,0,0,GRN,PRESIDENT OF THE UNITED STATES,OVER VOTES,Sunrise,0,
10,0,0,0,0,0,0,0,0,GRN,PRESIDENT OF THE UNITED STATES,UNDER VOTES,Red Butte,0,
10,0,0,0,0,0,0,0,0,GRN,PRESIDENT OF THE UNITED STATES,UNDER VOTES,Painted Desert,0,
10,0,0,0,0,0,0,0,0,GRN,PRESIDENT OF THE UNITED STATES,UNDER VOTES,Hubbell,0,
10,0,0,0,0,0,0,0,0,GRN,PRESIDENT OF THE UNITED STATES,UNDER VOTES,Black Buttes,0,
10,0,0,0,0,0,0,0,0,GRN,PRESIDENT OF THE UNITED STATES,UNDER VOTES,Cedar Valley,0,
10,0,0,0,0,0,0,0,0,GRN,PRESIDENT OF THE UNITED STATES,UNDER VOTES,Stone Butte,0,
10,0,0,0,0,0,0,0,0,GRN,PRESIDENT OF THE UNITED STATES,UNDER VOTES,Pioneer,0,
10,0,0,0,0,0,0,0,0,GRN,PRESIDENT OF THE UNITED STATES,UNDER VOTES,Antelope,0,
10,0,0,0,0,0,0,0,0,GRN,PRESIDENT OF THE UNITED STATES,UNDER VOTES,Juniper,0,
10,0,1,0,0,0,0,0,0,GRN,PRESIDENT OF THE UNITED STATES,UNDER VOTES,Bison,0,
10,0,1,0,0,0,0,0,0,GRN,PRESIDENT OF THE UNITED STATES,UNDER VOTES,Mogollon,0,
10,0,1,0,0,0,0,0,0,GRN,PRESIDENT OF THE UNITED STATES,UNDER VOTES,Woodland,0,
10,0,1,0,0,0,0,0,0,GRN,PRESIDENT OF THE UNITED STATES,UNDER VOTES,Sitgreaves,0,
10,0,1,0,0,0,0,0,0,GRN,PRESIDENT OF THE UNITED STATES,UNDER VOTES,Sunrise,0,
