,Unnamed: 0,contest,choice,precinct_id,vote,polling_place_votes,early_votes,provisional_votes,party_name,contest_name,candidate,precinct_name,precinct_name.1,subjurisdiction,votes_allowed,referendum_flag
0,0,0,0,0,130,0,0,0,,Registered Voters,REGISTERED VOTERS,201-Wikieup,0,,,
1,1,0,0,0,135,0,0,0,,Registered Voters,REGISTERED VOTERS,202-White Hills,0,,,
2,2,0,0,0,311,0,0,0,,Registered Voters,REGISTERED VOTERS,203-Yucca,0,,,
3,3,0,0,0,308,0,0,0,,Registered Voters,REGISTERED VOTERS,204-Chloride,0,,,
4,4,0,0,0,1439,0,0,0,,Registered Voters,REGISTERED VOTERS,205-North Canyon,0,,,
5,5,0,0,0,95,0,0,0,,Registered Voters,REGISTERED VOTERS,206-Oatman,0,,,
6,6,0,0,0,1041,0,0,0,,Registered Voters,REGISTERED VOTERS,207-Desert Hills,0,,,
7,7,0,0,0,489,0,0,0,,Registered Voters,REGISTERED VOTERS,208-Meadview,0,,,
8,8,0,0,0,576,0,0,0,,Registered Voters,REGISTERED VOTERS,209-Dolan Springs,0,,,
9,9,0,0,1,3090,0,0,0,,Registered Voters,REGISTERED VOTERS,210-Golden Valley,0,,,
10,10,0,0,1,11519,0,0,0,,Registered Voters,REGISTERED VOTERS,211-Bullhead City,0,,,
11,11,0,0,1,6614,0,0,0,,Registered Voters,REGISTERED VOTERS,212-Mohave Valley,0,,,
12,12,0,0,1,967,0,0,0,,Registered Voters,REGISTERED VOTERS,213-Hackberry,0,,,
13,13,0,0,1,93,0,0,0,,Registered Voters,REGISTERED VOTERS,214-Truxton,0,,,
14,14,0,0,1,2795,0,0,0,,Registered Voters,REGISTERED VOTERS,215-Kingman Central,0,,,
15,15,0,0,1,3615,0,0,0,,Registered Voters,REGISTERED VOTERS,216-Kingman North,0,,,
16,16,0,0,1,4564,0,0,0,,Registered Voters,REGISTERED VOTERS,217-Kingman South,0,,,
17,17,0,0,1,5029,0,0,0,,Registered Voters,REGISTERED VOTERS,218-Kingman East,0,,,
18,18,0,0,1,5697,0,0,0,,Registered Voters,REGISTERED VOTERS,219-Lake Havasu N.,0,,,
19,19,0,0,2,15153,0,0,0,,Registered Voters,REGISTERED VOTERS,220-Lake Havasu S.,0,,,
20,20,0,0,2,696,0,0,0,,Registered Voters,REGISTERED VOTERS,221-Littlefield,0,,,
21,21,0,0,2,750,0,0,0,,Registered Voters,REGISTERED VOTERS,222-Golden Shores,0,,,
22,22,0,0,2,86,0,0,0,,Registered Voters,REGISTERED VOTERS,223-Moccasin,0,,,
23,23,0,0,2,305,0,0,0,,Registered Voters,REGISTERED VOTERS,224-Peach Springs,0,,,
24,24,0,0,0,114,0,0,0,REP,REGISTERED VOTERS - Republican Party,REGISTERED VOTERS - Republican Party,201-Wikieup,0,,,
25,25,0,0,0,93,0,0,0,REP,REGISTERED VOTERS - Republican Party,REGISTERED VOTERS - Republican Party,202-White Hills,0,,,
26,26,0,0,0,223,0,0,0,REP,REGISTERED VOTERS - Republican Party,REGISTERED VOTERS - Republican Party,203-Yucca,0,,,
27,27,0,0,0,231,0,0,0,REP,REGISTERED VOTERS - Republican Party,REGISTERED VOTERS - Republican Party,204-Chloride,0,,,
28,28,0,0,0,1385,0,0,0,REP,REGISTERED VOTERS - Republican Party,REGISTERED VOTERS - Republican Party,205-North Canyon,0,,,
29,29,0,0,0,69,0,0,0,REP,REGISTERED VOTERS - Republican Party,REGISTERED VOTERS - Republican Party,206-Oatman,0,,,
30,30,0,0,0,776,0,0,0,REP,REGISTERED VOTERS - Republican Party,REGISTERED VOTERS - Republican Party,207-Desert Hills,0,,,
31,31,0,0,0,316,0,0,0,REP,REGISTERED VOTERS - Republican Party,REGISTERED VOTERS - Republican Party,208-Meadview,0,,,
32,32,0,0,0,294,0,0,0,REP,REGISTERED VOTERS - Republican Party,REGISTERED VOTERS - Republican Party,209-Dolan Springs,0,,,
33,33,0,0,1,2135,0,0,0,REP,REGISTERED VOTERS - Republican Party,REGISTERED VOTERS - Republican Party,210-Golden Valley,0,,,
34,34,0,0,1,7112,0,0,0,REP,REGISTERED VOTERS - Republican Party,REGISTERED VOTERS - Republican Party,211-Bullhead City,0,,,
35,35,0,0,1,4262,0,0,0,REP,REGISTERED VOTERS - Republican Party,REGISTERED VOTERS - Republican Party,212-Mohave Valley,0,,,
36,36,0,0,1,749,0,0,0,REP,REGISTERED VOTERS - Republican Party,REGISTERED VOTERS - Republican Party,213-Hackberry,0,,,
37,37,0,0,1,76,0,0,0,REP,REGISTERED VOTERS - Republican Party,REGISTERED VOTERS - Republican Party,214-Truxton,0,,,
38,38,0,0,1,1859,0,0,0,REP,REGISTERED VOTERS - Republican Party,REGISTERED VOTERS - Republican Party,215-Kingman Central,0,,,
39,39,0,0,1,2333,0,0,0,REP,REGISTERED VOTERS - Republican Party,REGISTERED VOTERS - Republican Party,216-Kingman North,0,,,
40,40,0,0,1,3318,0,0,0,REP,REGISTERED VOTERS - Republican Party,REGISTERED VOTERS - Republican Party,217-Kingman South,0,,,
41,41,0,0,1,3515,0,0,0,REP,REGISTERED VOTERS - Republican Party,REGISTERED VOTERS - Republican Party,218-Kingman East,0,,,
42,42,0,0,1,4240,0,0,0,REP,REGISTERED VOTERS - Republican Party,REGISTERED VOTERS - Republican Party,219-Lake Havasu N.,0,,,
43,43,0,0,2,11144,0,0,0,REP,REGISTERED VOTERS - Republican Party,REGISTERED VOTERS - Republican Party,220-Lake Havasu S.,0,,,
44,44,0,0,2,433,0,0,0,REP,REGISTERED VOTERS - Republican Party,REGISTERED VOTERS - Republican Party,221-Littlefield,0,,,
45,45,0,0,2,465,0,0,0,REP,REGISTERED VOTERS - Republican Party,REGISTERED VOTERS - Republican Party,222-Golden Shores,0,,,
46,46,0,0,2,62,0,0,0,REP,REGISTERED VOTERS - Republican Party,REGISTERED VOTERS - Republican Party,223-Moccasin,0,,,
47,47,0,0,2,59,0,0,0,REP,REGISTERED VOTERS - Republican Party,REGISTERED VOTERS - Republican Party,224-Peach Springs,0,,,
48,48,0,0,0,16,0,0,0,DEM,REGISTERED VOTERS - Democratic Party,REGISTERED VOTERS - Democratic Party,201-Wikieup,0,,,
49,49,0,0,0,42,0,0,0,DEM,REGISTERED VOTERS - Democratic Party,REGISTERED VOTERS - Democratic Party,202-White Hills,0,,,
50,50,0,0,0,88,0,0,0,DEM,REGISTERED VOTERS - Democratic Party,REGISTERED VOTERS - Democratic Party,203-Yucca,0,,,
51,51,0,0,0,76,0,0,0,DEM,REGISTERED VOTERS - Democratic Party,REGISTERED VOTERS - Democratic Party,204-Chloride,0,,,
52,52,0,0,0,54,0,0,0,DEM,REGISTERED VOTERS - Democratic Party,REGISTERED VOTERS - Democratic Party,205-North Canyon,0,,,
53,53,0,0,0,26,0,0,0,DEM,REGISTERED VOTERS - Democratic Party,REGISTERED VOTERS - Democratic Party,206-Oatman,0,,,
54,54,0,0,0,264,0,0,0,DEM,REGISTERED VOTERS - Democratic Party,REGISTERED VOTERS - Democratic Party,207-Desert Hills,0,,,
55,55,0,0,0,172,0,0,0,DEM,REGISTERED VOTERS - Democratic Party,REGISTERED VOTERS - Democratic Party,208-Meadview,0,,,
56,56,0,0,0,281,0,0,0,DEM,REGISTERED VOTERS - Democratic Party,REGISTERED VOTERS - Democratic Party,209-Dolan Springs,0,,,
57,57,0,0,1,952,0,0,0,DEM,REGISTERED VOTERS - Democratic Party,REGISTERED VOTERS - Democratic Party,210-Golden Valley,0,,,
58,58,0,0,1,4388,0,0,0,DEM,REGISTERED VOTERS - Democratic Party,REGISTERED VOTERS - Democratic Party,211-Bullhead City,0,,,
59,59,0,0,1,2343,0,0,0,DEM,REGISTERED VOTERS - Democratic Party,REGISTERED VOTERS - Democratic Party,212-Mohave Valley,0,,,
60,60,0,0,1,216,0,0,0,DEM,REGISTERED VOTERS - Democratic Party,REGISTERED VOTERS - Democratic Party,213-Hackberry,0,,,
61,61,0,0,1,17,0,0,0,DEM,REGISTERED VOTERS - Democratic Party,REGISTERED VOTERS - Democratic Party,214-Truxton,0,,,
62,62,0,0,1,932,0,0,0,DEM,REGISTERED VOTERS - Democratic Party,REGISTERED VOTERS - Democratic Party,215-Kingman Central,0,,,
63,63,0,0,1,1279,0,0,0,DEM,REGISTERED VOTERS - Democratic Party,REGISTERED VOTERS - Democratic Party,216-Kingman North,0,,,
64,64,0,0,1,1238,0,0,0,DEM,REGISTERED VOTERS - Democratic Party,REGISTERED VOTERS - Democratic Party,217-Kingman South,0,,,
65,65,0,0,1,1503,0,0,0,DEM,REGISTERED VOTERS - Democratic Party,REGISTERED VOTERS - Democratic Party,218-Kingman East,0,,,
66,66,0,0,1,1453,0,0,0,DEM,REGISTERED VOTERS - Democratic Party,REGISTERED VOTERS - Democratic Party,219-Lake Havasu N.,0,,,
67,67,0,0,2,3986,0,0,0,DEM,REGISTERED VOTERS - Democratic Party,REGISTERED VOTERS - Democratic Party,220-Lake Havasu S.,0,,,
68,68,0,0,2,262,0,0,0,DEM,REGISTERED VOTERS - Democratic Party,REGISTERED VOTERS - Democratic Party,221-Littlefield,0,,,
69,69,0,0,2,281,0,0,0,DEM,REGISTERED VOTERS - Democratic Party,REGISTERED VOTERS - Democratic Party,222-Golden Shores,0,,,
70,70,0,0,2,24,0,0,0,DEM,REGISTERED VOTERS - Democratic Party,REGISTERED VOTERS - Democratic Party,223-Moccasin,0,,,
71,71,0,0,2,246,0,0,0,DEM,REGISTERED VOTERS - Democratic Party,REGISTERED VOTERS - Democratic Party,224-Peach Springs,0,,,
72,72,0,0,0,0,0,0,0,GRN,REGISTERED VOTERS - Green Party,REGISTERED VOTERS - Green Party,201-Wikieup,0,,,
73,73,0,0,0,0,0,0,0,GRN,REGISTERED VOTERS - Green Party,REGISTERED VOTERS - Green Party,202-White Hills,0,,,
74,74,0,0,0,0,0,0,0,GRN,REGISTERED VOTERS - Green Party,REGISTERED VOTERS - Green Party,203-Yucca,0,,,
75,75,0,0,0,1,0,0,0,GRN,REGISTERED VOTERS - Green Party,REGISTERED VOTERS - Green Party,204-Chloride,0,,,
76,76,0,0,0,0,0,0,0,GRN,REGISTERED VOTERS - Green Party,REGISTERED VOTERS - Green Party,205-North Canyon,0,,,
77,77,0,0,0,0,0,0,0,GRN,REGISTERED VOTERS - Green Party,REGISTERED VOTERS - Green Party,206-Oatman,0,,,
78,78,0,0,0,1,0,0,0,GRN,REGISTERED VOTERS - Green Party,REGISTERED VOTERS - Green Party,207-Desert Hills,0,,,
79,79,0,0,0,1,0,0,0,GRN,REGISTERED VOTERS - Green Party,REGISTERED VOTERS - Green Party,208-Meadview,0,,,
80,80,0,0,0,1,0,0,0,GRN,REGISTERED VOTERS - Green Party,REGISTERED VOTERS - Green Party,209-Dolan Springs,0,,,
81,81,0,0,1,3,0,0,0,GRN,REGISTERED VOTERS - Green Party,REGISTERED VOTERS - Green Party,210-Golden Valley,0,,,
82,82,0,0,1,19,0,0,0,GRN,REGISTERED VOTERS - Green Party,REGISTERED VOTERS - Green Party,211-Bullhead City,0,,,
83,83,0,0,1,9,0,0,0,GRN,REGISTERED VOTERS - Green Party,REGISTERED VOTERS - Green Party,212-Mohave Valley,0,,,
84,84,0,0,1,2,0,0,0,GRN,REGISTERED VOTERS - Green Party,REGISTERED VOTERS - Green Party,213-Hackberry,0,,,
85,85,0,0,1,0,0,0,0,GRN,REGISTERED VOTERS - Green Party,REGISTERED VOTERS - Green Party,214-Truxton,0,,,
86,86,0,0,1,4,0,0,0,GRN,REGISTERED VOTERS - Green Party,REGISTERED VOTERS - Green Party,215-Kingman Central,0,,,
87,87,0,0,1,3,0,0,0,GRN,REGISTERED VOTERS - Green Party,REGISTERED VOTERS - Green Party,216-Kingman North,0,,,
88,88,0,0,1,8,0,0,0,GRN,REGISTERED VOTERS - Green Party,REGISTERED VOTERS - Green Party,217-Kingman South,0,,,
89,89,0,0,1,11,0,0,0,GRN,REGISTERED VOTERS - Green Party,REGISTERED VOTERS - Green Party,218-Kingman East,0,,,
90,90,0,0,1,4,0,0,0,GRN,REGISTERED VOTERS - Green Party,REGISTERED VOTERS - Green Party,219-Lake Havasu N.,0,,,
91,91,0,0,2,23,0,0,0,GRN,REGISTERED VOTERS - Green Party,REGISTERED VOTERS - Green Party,220-Lake Havasu S.,0,,,
92,92,0,0,2,1,0,0,0,GRN,REGISTERED VOTERS - Green Party,REGISTERED VOTERS - Green Party,221-Littlefield,0,,,
93,93,0,0,2,4,0,0,0,GRN,REGISTERED VOTERS - Green Party,REGISTERED VOTERS - Green Party,222-Golden Shores,0,,,
94,94,0,0,2,0,0,0,0,GRN,REGISTERED VOTERS - Green Party,REGISTERED VOTERS - Green Party,223-Moccasin,0,,,
95,95,0,0,2,0,0,0,0,GRN,REGISTERED VOTERS - Green Party,REGISTERED VOTERS - Green Party,224-Peach Springs,0,,,
96,96,0,0,0,67,23,42,2,,Ballots Cast,BALLOTS CAST,201-Wikieup,0,,,
97,97,0,0,0,54,10,37,7,,Ballots Cast,BALLOTS CAST,202-White Hills,0,,,
98,98,0,0,0,193,58,130,5,,Ballots Cast,BALLOTS CAST,203-Yucca,0,,,
99,99,0,0,0,184,44,138,2,,Ballots Cast,BALLOTS CAST,204-Chloride,0,,,
100,100,0,0,0,144,84,53,7,,Ballots Cast,BALLOTS CAST,205-North Canyon,0,,,
101,101,0,0,0,52,19,30,3,,Ballots Cast,BALLOTS CAST,206-Oatman,0,,,
102,102,0,0,0,581,187,380,14,,Ballots Cast,BALLOTS CAST,207-Desert Hills,0,,,
103,103,0,0,0,318,106,205,7,,Ballots Cast,BALLOTS CAST,208-Meadview,0,,,
104,104,0,0,0,282,94,172,16,,Ballots Cast,BALLOTS CAST,209-Dolan Springs,0,,,
105,105,0,0,1,1730,566,1106,58,,Ballots Cast,BALLOTS CAST,210-Golden Valley,0,,,
106,106,0,0,1,5618,1600,3819,199,,Ballots Cast,BALLOTS CAST,211-Bullhead City,0,,,
107,107,0,0,1,3256,1243,1919,94,,Ballots Cast,BALLOTS CAST,212-Mohave Valley,0,,,
108,108,0,0,1,640,257,351,32,,Ballots Cast,BALLOTS CAST,213-Hackberry,0,,,
109,109,0,0,1,77,26,37,14,,Ballots Cast,BALLOTS CAST,214-Truxton,0,,,
110,110,0,0,1,1404,541,810,53,,Ballots Cast,BALLOTS CAST,215-Kingman Central,0,,,
111,111,0,0,1,1840,703,1075,62,,Ballots Cast,BALLOTS CAST,216-Kingman North,0,,,
112,112,0,0,1,2689,1079,1543,67,,Ballots Cast,BALLOTS CAST,217-Kingman South,0,,,
113,113,0,0,1,2549,929,1551,69,,Ballots Cast,BALLOTS CAST,218-Kingman East,0,,,
114,114,0,0,1,3252,997,2173,82,,Ballots Cast,BALLOTS CAST,219-Lake Havasu N.,0,,,
115,115,0,0,2,7927,2603,5093,231,,Ballots Cast,BALLOTS CAST,220-Lake Havasu S.,0,,,
116,116,0,0,2,256,138,111,7,,Ballots Cast,BALLOTS CAST,221-Littlefield,0,,,
117,117,0,0,2,378,148,209,21,,Ballots Cast,BALLOTS CAST,222-Golden Shores,0,,,
118,118,0,0,2,24,14,9,1,,Ballots Cast,BALLOTS CAST,223-Moccasin,0,,,
119,119,0,0,2,37,15,21,1,,Ballots Cast,BALLOTS CAST,224-Peach Springs,0,,,
120,120,0,0,0,61,23,36,2,REP,BALLOTS CAST - Republican Party,BALLOTS CAST - Republican Party,201-Wikieup,0,,,
121,121,0,0,0,40,9,24,7,REP,BALLOTS CAST - Republican Party,BALLOTS CAST - Republican Party,202-White Hills,0,,,
122,122,0,0,0,151,47,101,3,REP,BALLOTS CAST - Republican Party,BALLOTS CAST - Republican Party,203-Yucca,0,,,
123,123,0,0,0,137,37,99,1,REP,BALLOTS CAST - Republican Party,BALLOTS CAST - Republican Party,204-Chloride,0,,,
124,124,0,0,0,136,79,50,7,REP,BALLOTS CAST - Republican Party,BALLOTS CAST - Republican Party,205-North Canyon,0,,,
125,125,0,0,0,40,16,21,3,REP,BALLOTS CAST - Republican Party,BALLOTS CAST - Republican Party,206-Oatman,0,,,
126,126,0,0,0,469,156,300,13,REP,BALLOTS CAST - Republican Party,BALLOTS CAST - Republican Party,207-Desert Hills,0,,,
127,127,0,0,0,214,79,131,4,REP,BALLOTS CAST - Republican Party,BALLOTS CAST - Republican Party,208-Meadview,0,,,
128,128,0,0,0,169,66,92,11,REP,BALLOTS CAST - Republican Party,BALLOTS CAST - Republican Party,209-Dolan Springs,0,,,
129,129,0,0,1,1308,457,803,48,REP,BALLOTS CAST - Republican Party,BALLOTS CAST - Republican Party,210-Golden Valley,0,,,
130,130,0,0,1,3921,1229,2545,147,REP,BALLOTS CAST - Republican Party,BALLOTS CAST - Republican Party,211-Bullhead City,0,,,
131,131,0,0,1,2345,979,1292,74,REP,BALLOTS CAST - Republican Party,BALLOTS CAST - Republican Party,212-Mohave Valley,0,,,
132,132,0,0,1,525,227,273,25,REP,BALLOTS CAST - Republican Party,BALLOTS CAST - Republican Party,213-Hackberry,0,,,
133,133,0,0,1,56,17,34,5,REP,BALLOTS CAST - Republican Party,BALLOTS CAST - Republican Party,214-Truxton,0,,,
134,134,0,0,1,974,427,514,33,REP,BALLOTS CAST - Republican Party,BALLOTS CAST - Republican Party,215-Kingman Central,0,,,
135,135,0,0,1,1323,568,708,47,REP,BALLOTS CAST - Republican Party,BALLOTS CAST - Republican Party,216-Kingman North,0,,,
136,136,0,0,1,2085,886,1143,56,REP,BALLOTS CAST - Republican Party,BALLOTS CAST - Republican Party,217-Kingman South,0,,,
137,137,0,0,1,1930,761,1111,58,REP,BALLOTS CAST - Republican Party,BALLOTS CAST - Republican Party,218-Kingman East,0,,,
138,138,0,0,1,2541,829,1643,69,REP,BALLOTS CAST - Republican Party,BALLOTS CAST - Republican Party,219-Lake Havasu N.,0,,,
139,139,0,0,2,6224,2176,3860,188,REP,BALLOTS CAST - Republican Party,BALLOTS CAST - Republican Party,220-Lake Havasu S.,0,,,
140,140,0,0,2,187,110,72,5,REP,BALLOTS CAST - Republican Party,BALLOTS CAST - Republican Party,221-Littlefield,0,,,
141,141,0,0,2,258,108,141,9,REP,BALLOTS CAST - Republican Party,BALLOTS CAST - Republican Party,222-Golden Shores,0,,,
142,142,0,0,2,19,14,5,0,REP,BALLOTS CAST - Republican Party,BALLOTS CAST - Republican Party,223-Moccasin,0,,,
143,143,0,0,2,7,3,4,0,REP,BALLOTS CAST - Republican Party,BALLOTS CAST - Republican Party,224-Peach Springs,0,,,
144,144,0,0,0,6,0,6,0,DEM,BALLOTS CAST - Democratic Party,BALLOTS CAST - Democratic Party,201-Wikieup,0,,,
145,145,0,0,0,14,1,13,0,DEM,BALLOTS CAST - Democratic Party,BALLOTS CAST - Democratic Party,202-White Hills,0,,,
146,146,0,0,0,42,11,29,2,DEM,BALLOTS CAST - Democratic Party,BALLOTS CAST - Democratic Party,203-Yucca,0,,,
147,147,0,0,0,46,7,38,1,DEM,BALLOTS CAST - Democratic Party,BALLOTS CAST - Democratic Party,204-Chloride,0,,,
148,148,0,0,0,8,5,3,0,DEM,BALLOTS CAST - Democratic Party,BALLOTS CAST - Democratic Party,205-North Canyon,0,,,
149,149,0,0,0,12,3,9,0,DEM,BALLOTS CAST - Democratic Party,BALLOTS CAST - Democratic Party,206-Oatman,0,,,
150,150,0,0,0,112,31,80,1,DEM,BALLOTS CAST - Democratic Party,BALLOTS CAST - Democratic Party,207-Desert Hills,0,,,
151,151,0,0,0,103,27,73,3,DEM,BALLOTS CAST - Democratic Party,BALLOTS CAST - Democratic Party,208-Meadview,0,,,
152,152,0,0,0,113,28,80,5,DEM,BALLOTS CAST - Democratic Party,BALLOTS CAST - Democratic Party,209-Dolan Springs,0,,,
153,153,0,0,1,422,109,303,10,DEM,BALLOTS CAST - Democratic Party,BALLOTS CAST - Democratic Party,210-Golden Valley,0,,,
154,154,0,0,1,1696,370,1274,52,DEM,BALLOTS CAST - Democratic Party,BALLOTS CAST - Democratic Party,211-Bullhead City,0,,,
155,155,0,0,1,911,264,627,20,DEM,BALLOTS CAST - Democratic Party,BALLOTS CAST - Democratic Party,212-Mohave Valley,0,,,
156,156,0,0,1,115,30,78,7,DEM,BALLOTS CAST - Democratic Party,BALLOTS CAST - Democratic Party,213-Hackberry,0,,,
157,157,0,0,1,21,9,3,9,DEM,BALLOTS CAST - Democratic Party,BALLOTS CAST - Democratic Party,214-Truxton,0,,,
158,158,0,0,1,430,114,296,20,DEM,BALLOTS CAST - Democratic Party,BALLOTS CAST - Democratic Party,215-Kingman Central,0,,,
159,159,0,0,1,517,135,367,15,DEM,BALLOTS CAST - Democratic Party,BALLOTS CAST - Democratic Party,216-Kingman North,0,,,
160,160,0,0,1,601,191,400,10,DEM,BALLOTS CAST - Democratic Party,BALLOTS CAST - Democratic Party,217-Kingman South,0,,,
161,161,0,0,1,616,167,438,11,DEM,BALLOTS CAST - Democratic Party,BALLOTS CAST - Democratic Party,218-Kingman East,0,,,
162,162,0,0,1,711,168,530,13,DEM,BALLOTS CAST - Democratic Party,BALLOTS CAST - Democratic Party,219-Lake Havasu N.,0,,,
163,163,0,0,2,1700,426,1231,43,DEM,BALLOTS CAST - Democratic Party,BALLOTS CAST - Democratic Party,220-Lake Havasu S.,0,,,
164,164,0,0,2,69,28,39,2,DEM,BALLOTS CAST - Democratic Party,BALLOTS CAST - Democratic Party,221-Littlefield,0,,,
165,165,0,0,2,119,40,68,11,DEM,BALLOTS CAST - Democratic Party,BALLOTS CAST - Democratic Party,222-Golden Shores,0,,,
166,166,0,0,2,5,0,4,1,DEM,BALLOTS CAST - Democratic Party,BALLOTS CAST - Democratic Party,223-Moccasin,0,,,
167,167,0,0,2,30,12,17,1,DEM,BALLOTS CAST - Democratic Party,BALLOTS CAST - Democratic Party,224-Peach Springs,0,,,
168,168,0,0,0,0,0,0,0,GRN,BALLOTS CAST - Green Party,BALLOTS CAST - Green Party,201-Wikieup,0,,,
169,169,0,0,0,0,0,0,0,GRN,BALLOTS CAST - Green Party,BALLOTS CAST - Green Party,202-White Hills,0,,,
170,170,0,0,0,0,0,0,0,GRN,BALLOTS CAST - Green Party,BALLOTS CAST - Green Party,203-Yucca,0,,,
171,171,0,0,0,1,0,1,0,GRN,BALLOTS CAST - Green Party,BALLOTS CAST - Green Party,204-Chloride,0,,,
172,172,0,0,0,0,0,0,0,GRN,BALLOTS CAST - Green Party,BALLOTS CAST - Green Party,205-North Canyon,0,,,
173,173,0,0,0,0,0,0,0,GRN,BALLOTS CAST - Green Party,BALLOTS CAST - Green Party,206-Oatman,0,,,
174,174,0,0,0,0,0,0,0,GRN,BALLOTS CAST - Green Party,BALLOTS CAST - Green Party,207-Desert Hills,0,,,
175,175,0,0,0,1,0,1,0,GRN,BALLOTS CAST - Green Party,BALLOTS CAST - Green Party,208-Meadview,0,,,
176,176,0,0,0,0,0,0,0,GRN,BALLOTS CAST - Green Party,BALLOTS CAST - Green Party,209-Dolan Springs,0,,,
177,177,0,0,1,0,0,0,0,GRN,BALLOTS CAST - Green Party,BALLOTS CAST - Green Party,210-Golden Valley,0,,,
178,178,0,0,1,1,1,0,0,GRN,BALLOTS CAST - Green Party,BALLOTS CAST - Green Party,211-Bullhead City,0,,,
179,179,0,0,1,0,0,0,0,GRN,BALLOTS CAST - Green Party,BALLOTS CAST - Green Party,212-Mohave Valley,0,,,
180,180,0,0,1,0,0,0,0,GRN,BALLOTS CAST - Green Party,BALLOTS CAST - Green Party,213-Hackberry,0,,,
181,181,0,0,1,0,0,0,0,GRN,BALLOTS CAST - Green Party,BALLOTS CAST - Green Party,214-Truxton,0,,,
182,182,0,0,1,0,0,0,0,GRN,BALLOTS CAST - Green Party,BALLOTS CAST - Green Party,215-Kingman Central,0,,,
183,183,0,0,1,0,0,0,0,GRN,BALLOTS CAST - Green Party,BALLOTS CAST - Green Party,216-Kingman North,0,,,
184,184,0,0,1,3,2,0,1,GRN,BALLOTS CAST - Green Party,BALLOTS CAST - Green Party,217-Kingman South,0,,,
185,185,0,0,1,3,1,2,0,GRN,BALLOTS CAST - Green Party,BALLOTS CAST - Green Party,218-Kingman East,0,,,
186,186,0,0,1,0,0,0,0,GRN,BALLOTS CAST - Green Party,BALLOTS CAST - Green Party,219-Lake Havasu N.,0,,,
187,187,0,0,2,3,1,2,0,GRN,BALLOTS CAST - Green Party,BALLOTS CAST - Green Party,220-Lake Havasu S.,0,,,
188,188,0,0,2,0,0,0,0,GRN,BALLOTS CAST - Green Party,BALLOTS CAST - Green Party,221-Littlefield,0,,,
189,189,0,0,2,1,0,0,1,GRN,BALLOTS CAST - Green Party,BALLOTS CAST - Green Party,222-Golden Shores,0,,,
190,190,0,0,2,0,0,0,0,GRN,BALLOTS CAST - Green Party,BALLOTS CAST - Green Party,223-Moccasin,0,,,
191,191,0,0,2,0,0,0,0,GRN,BALLOTS CAST - Green Party,BALLOTS CAST - Green Party,224-Peach Springs,0,,,
192,192,0,0,0,0,0,0,0,,BALLOTS CAST - NONPARTISAN,BALLOTS CAST - NONPARTISAN,201-Wikieup,0,,,
193,193,0,0,0,0,0,0,0,,BALLOTS CAST - NONPARTISAN,BALLOTS CAST - NONPARTISAN,202-White Hills,0,,,
194,194,0,0,0,0,0,0,0,,BALLOTS CAST - NONPARTISAN,BALLOTS CAST - NONPARTISAN,203-Yucca,0,,,
195,195,0,0,0,0,0,0,0,,BALLOTS CAST - NONPARTISAN,BALLOTS CAST - NONPARTISAN,204-Chloride,0,,,
196,196,0,0,0,0,0,0,0,,BALLOTS CAST - NONPARTISAN,BALLOTS CAST - NONPARTISAN,205-North Canyon,0,,,
197,197,0,0,0,0,0,0,0,,BALLOTS CAST - NONPARTISAN,BALLOTS CAST - NONPARTISAN,206-Oatman,0,,,
198,198,0,0,0,0,0,0,0,,BALLOTS CAST - NONPARTISAN,BALLOTS CAST - NONPARTISAN,207-Desert Hills,0,,,
199,199,0,0,0,0,0,0,0,,BALLOTS CAST - NONPARTISAN,BALLOTS CAST - NONPARTISAN,208-Meadview,0,,,
200,200,0,0,0,0,0,0,0,,BALLOTS CAST - NONPARTISAN,BALLOTS CAST - NONPARTISAN,209-Dolan Springs,0,,,
201,201,0,0,1,0,0,0,0,,BALLOTS CAST - NONPARTISAN,BALLOTS CAST - NONPARTISAN,210-Golden Valley,0,,,
202,202,0,0,1,0,0,0,0,,BALLOTS CAST - NONPARTISAN,BALLOTS CAST - NONPARTISAN,211-Bullhead City,0,,,
203,203,0,0,1,0,0,0,0,,BALLOTS CAST - NONPARTISAN,BALLOTS CAST - NONPARTISAN,212-Mohave Valley,0,,,
204,204,0,0,1,0,0,0,0,,BALLOTS CAST - NONPARTISAN,BALLOTS CAST - NONPARTISAN,213-Hackberry,0,,,
205,205,0,0,1,0,0,0,0,,BALLOTS CAST - NONPARTISAN,BALLOTS CAST - NONPARTISAN,214-Truxton,0,,,
206,206,0,0,1,0,0,0,0,,BALLOTS CAST - NONPARTISAN,BALLOTS CAST - NONPARTISAN,215-Kingman Central,0,,,
207,207,0,0,1,0,0,0,0,,BALLOTS CAST - NONPARTISAN,BALLOTS CAST - NONPARTISAN,216-Kingman North,0,,,
208,208,0,0,1,0,0,0,0,,BALLOTS CAST - NONPARTISAN,BALLOTS CAST - NONPARTISAN,217-Kingman South,0,,,
209,209,0,0,1,0,0,0,0,,BALLOTS CAST - NONPARTISAN,BALLOTS CAST - NONPARTISAN,218-Kingman East,0,,,
210,210,0,0,1,0,0,0,0,,BALLOTS CAST - NONPARTISAN,BALLOTS CAST - NONPARTISAN,219-Lake Havasu N.,0,,,
211,211,0,0,2,0,0,0,0,,BALLOTS CAST - NONPARTISAN,BALLOTS CAST - NONPARTISAN,220-Lake Havasu S.,0,,,
212,212,0,0,2,0,0,0,0,,BALLOTS CAST - NONPARTISAN,BALLOTS CAST - NONPARTISAN,221-Littlefield,0,,,
213,213,0,0,2,0,0,0,0,,BALLOTS CAST - NONPARTISAN,BALLOTS CAST - NONPARTISAN,222-Golden Shores,0,,,
214,214,0,0,2,0,0,0,0,,BALLOTS CAST - NONPARTISAN,BALLOTS CAST - NONPARTISAN,223-Moccasin,0,,,
215,215,0,0,2,0,0,0,0,,BALLOTS CAST - NONPARTISAN,BALLOTS CAST - NONPARTISAN,224-Peach Springs,0,,,
216,216,1,0,0,0,0,0,0,,Blank Ballots Cast,BALLOTS CAST - BLANK,201-Wikieup,0,,,
217,217,1,0,0,0,0,0,0,,Blank Ballots Cast,BALLOTS CAST - BLANK,202-White Hills,0,,,
218,218,1,0,0,0,0,0,0,,Blank Ballots Cast,BALLOTS CAST - BLANK,203-Yucca,0,,,
219,219,1,0,0,0,0,0,0,,Blank Ballots Cast,BALLOTS CAST - BLANK,204-Chloride,0,,,
220,220,1,0,0,1,0,1,0,,Blank Ballots Cast,BALLOTS CAST - BLANK,205-North Canyon,0,,,
221,221,1,0,0,1,0,1,0,,Blank Ballots Cast,BALLOTS CAST - BLANK,206-Oatman,0,,,
222,222,1,0,0,0,0,0,0,,Blank Ballots Cast,BALLOTS CAST - BLANK,207-Desert Hills,0,,,
223,223,1,0,0,2,1,1,0,,Blank Ballots Cast,BALLOTS CAST - BLANK,208-Meadview,0,,,
224,224,1,0,0,1,0,1,0,,Blank Ballots Cast,BALLOTS CAST - BLANK,209-Dolan Springs,0,,,
225,225,1,0,1,7,3,2,2,,Blank Ballots Cast,BALLOTS CAST - BLANK,210-Golden Valley,0,,,
226,226,1,0,1,30,7,22,1,,Blank Ballots Cast,BALLOTS CAST - BLANK,211-Bullhead City,0,,,
227,227,1,0,1,13,3,10,0,,Blank Ballots Cast,BALLOTS CAST - BLANK,212-Mohave Valley,0,,,
228,228,1,0,1,3,0,2,1,,Blank Ballots Cast,BALLOTS CAST - BLANK,213-Hackberry,0,,,
229,229,1,0,1,0,0,0,0,,Blank Ballots Cast,BALLOTS CAST - BLANK,214-Truxton,0,,,
230,230,1,0,1,2,1,1,0,,Blank Ballots Cast,BALLOTS CAST - BLANK,215-Kingman Central,0,,,
231,231,1,0,1,8,2,5,1,,Blank Ballots Cast,BALLOTS CAST - BLANK,216-Kingman North,0,,,
232,232,1,0,1,15,3,12,0,,Blank Ballots Cast,BALLOTS CAST - BLANK,217-Kingman South,0,,,
233,233,1,0,1,14,5,9,0,,Blank Ballots Cast,BALLOTS CAST - BLANK,218-Kingman East,0,,,
234,234,1,0,1,11,3,8,0,,Blank Ballots Cast,BALLOTS CAST - BLANK,219-Lake Havasu N.,0,,,
235,235,1,0,2,31,8,23,0,,Blank Ballots Cast,BALLOTS CAST - BLANK,220-Lake Havasu S.,0,,,
236,236,1,0,2,0,0,0,0,,Blank Ballots Cast,BALLOTS CAST - BLANK,221-Littlefield,0,,,
237,237,1,0,2,1,1,0,0,,Blank Ballots Cast,BALLOTS CAST - BLANK,222-Golden Shores,0,,,
238,238,1,0,2,0,0,0,0,,Blank Ballots Cast,BALLOTS CAST - BLANK,223-Moccasin,0,,,
239,239,1,0,2,0,0,0,0,,Blank Ballots Cast,BALLOTS CAST - BLANK,224-Peach Springs,0,,,
240,240,10,0,0,0,0,0,0,REP,PRESIDENT OF THE UNITED STATES,"SANTORUM, RICK",201-Wikieup,0,,,
241,241,10,0,0,0,0,0,0,REP,PRESIDENT OF THE UNITED STATES,"SANTORUM, RICK",202-White Hills,0,,,
242,242,10,0,0,1,0,1,0,REP,PRESIDENT OF THE UNITED STATES,"SANTORUM, RICK",203-Yucca,0,,,
243,243,10,0,0,0,0,0,0,REP,PRESIDENT OF THE UNITED STATES,"SANTORUM, RICK",204-Chloride,0,,,
244,244,10,0,0,0,0,0,0,REP,PRESIDENT OF THE UNITED STATES,"SANTORUM, RICK",205-North Canyon,0,,,
245,245,10,0,0,0,0,0,0,REP,PRESIDENT OF THE UNITED STATES,"SANTORUM, RICK",206-Oatman,0,,,
246,246,10,0,0,0,0,0,0,REP,PRESIDENT OF THE UNITED STATES,"SANTORUM, RICK",207-Desert Hills,0,,,
247,247,10,0,0,0,0,0,0,REP,PRESIDENT OF THE UNITED STATES,"SANTORUM, RICK",208-Meadview,0,,,
248,248,10,0,0,0,0,0,0,REP,PRESIDENT OF THE UNITED STATES,"SANTORUM, RICK",209-Dolan Springs,0,,,
249,249,10,0,1,0,0,0,0,REP,PRESIDENT OF THE UNITED STATES,"SANTORUM, RICK",210-Golden Valley,0,,,
250,250,10,0,1,0,0,0,0,REP,PRESIDENT OF THE UNITED STATES,"SANTORUM, RICK",211-Bullhead City,0,,,
251,251,10,0,1,1,0,1,0,REP,PRESIDENT OF THE UNITED STATES,"SANTORUM, RICK",212-Mohave Valley,0,,,
252,252,10,0,1,0,0,0,0,REP,PRESIDENT OF THE UNITED STATES,"SANTORUM, RICK",213-Hackberry,0,,,
253,253,10,0,1,0,0,0,0,REP,PRESIDENT OF THE UNITED STATES,"SANTORUM, RICK",214-Truxton,0,,,
254,254,10,0,1,0,0,0,0,REP,PRESIDENT OF THE UNITED STATES,"SANTORUM, RICK",215-Kingman Central,0,,,
255,255,10,0,1,0,0,0,0,REP,PRESIDENT OF THE UNITED STATES,"SANTORUM, RICK",216-Kingman North,0,,,
256,256,10,0,1,1,0,1,0,REP,PRESIDENT OF THE UNITED STATES,"SANTORUM, RICK",217-Kingman South,0,,,
257,257,10,0,1,3,2,1,0,REP,PRESIDENT OF THE UNITED STATES,"SANTORUM, RICK",218-Kingman East,0,,,
258,258,10,0,1,0,0,0,0,REP,PRESIDENT OF THE UNITED STATES,"SANTORUM, RICK",219-Lake Havasu N.,0,,,
259,259,10,0,2,5,2,3,0,REP,PRESIDENT OF THE UNITED STATES,"SANTORUM, RICK",220-Lake Havasu S.,0,,,
260,260,10,0,2,0,0,0,0,REP,PRESIDENT OF THE UNITED STATES,"SANTORUM, RICK",221-Littlefield,0,,,
261,261,10,0,2,1,1,0,0,REP,PRESIDENT OF THE UNITED STATES,"SANTORUM, RICK",222-Golden Shores,0,,,
262,262,10,0,2,0,0,0,0,REP,PRESIDENT OF THE UNITED STATES,"SANTORUM, RICK",223-Moccasin,0,,,
263,263,10,0,2,0,0,0,0,REP,PRESIDENT OF THE UNITED STATES,"SANTORUM, RICK",224-Peach Springs,0,,,
264,264,10,0,0,0,0,0,0,REP,PRESIDENT OF THE UNITED STATES,"COOK, TIM",201-Wikieup,0,,,
265,265,10,0,0,0,0,0,0,REP,PRESIDENT OF THE UNITED STATES,"COOK, TIM",202-White Hills,0,,,
266,266,10,0,0,0,0,0,0,REP,PRESIDENT OF THE UNITED STATES,"COOK, TIM",203-Yucca,0,,,
267,267,10,0,0,0,0,0,0,REP,PRESIDENT OF THE UNITED STATES,"COOK, TIM",204-Chloride,0,,,
268,268,10,0,0,0,0,0,0,REP,PRESIDENT OF THE UNITED STATES,"COOK, TIM",205-North Canyon,0,,,
269,269,10,0,0,0,0,0,0,REP,PRESIDENT OF THE UNITED STATES,"COOK, TIM",206-Oatman,0,,,
270,270,10,0,0,0,0,0,0,REP,PRESIDENT OF THE UNITED STATES,"COOK, TIM",207-Desert Hills,0,,,
271,271,10,0,0,0,0,0,0,REP,PRESIDENT OF THE UNITED STATES,"COOK, TIM",208-Meadview,0,,,
272,272,10,0,0,0,0,0,0,REP,PRESIDENT OF THE UNITED STATES,"COOK, TIM",209-Dolan Springs,0,,,
273,273,10,0,1,0,0,0,0,REP,PRESIDENT OF THE UNITED STATES,"COOK, TIM",210-Golden Valley,0,,,
274,274,10,0,1,0,0,0,0,REP,PRESIDENT OF THE UNITED STATES,"COOK, TIM",211-Bullhead City,0,,,
275,275,10,0,1,2,2,0,0,REP,PRESIDENT OF THE UNITED STATES,"COOK, TIM",212-Mohave Valley,0,,,
276,276,10,0,1,0,0,0,0,REP,PRESIDENT OF THE UNITED STATES,"COOK, TIM",213-Hackberry,0,,,
277,277,10,0,1,0,0,0,0,REP,PRESIDENT OF THE UNITED STATES,"COOK, TIM",214-Truxton,0,,,
278,278,10,0,1,1,0,1,0,REP,PRESIDENT OF THE UNITED STATES,"COOK, TIM",215-Kingman Central,0,,,
279,279,10,0,1,1,1,0,0,REP,PRESIDENT OF THE UNITED STATES,"COOK, TIM",216-Kingman North,0,,,
280,280,10,0,1,0,0,0,0,REP,PRESIDENT OF THE UNITED STATES,"COOK, TIM",217-Kingman South,0,,,
281,281,10,0,1,0,0,0,0,REP,PRESIDENT OF THE UNITED STATES,"COOK, TIM",218-Kingman East,0,,,
282,282,10,0,1,1,0,1,0,REP,PRESIDENT OF THE UNITED STATES,"COOK, TIM",219-Lake Havasu N.,0,,,
283,283,10,0,2,3,0,3,0,REP,PRESIDENT OF THE UNITED STATES,"COOK, TIM",220-Lake Havasu S.,0,,,
284,284,10,0,2,0,0,0,0,REP,PRESIDENT OF THE UNITED STATES,"COOK, TIM",221-Littlefield,0,,,
285,285,10,0,2,0,0,0,0,REP,PRESIDENT OF THE UNITED STATES,"COOK, TIM",222-Golden Shores,0,,,
286,286,10,0,2,0,0,0,0,REP,PRESIDENT OF THE UNITED STATES,"COOK, TIM",223-Moccasin,0,,,
287,287,10,0,2,0,0,0,0,REP,PRESIDENT OF THE UNITED STATES,"COOK, TIM",224-Peach Springs,0,,,
288,288,10,0,0,0,0,0,0,REP,PRESIDENT OF THE UNITED STATES,"PAUL, RAND",201-Wikieup,0,,,
289,289,10,0,0,0,0,0,0,REP,PRESIDENT OF THE UNITED STATES,"PAUL, RAND",202-White Hills,0,,,
290,290,10,0,0,0,0,0,0,REP,PRESIDENT OF THE UNITED STATES,"PAUL, RAND",203-Yucca,0,,,
291,291,10,0,0,1,0,1,0,REP,PRESIDENT OF THE UNITED STATES,"PAUL, RAND",204-Chloride,0,,,
292,292,10,0,0,7,5,2,0,REP,PRESIDENT OF THE UNITED STATES,"PAUL, RAND",205-North Canyon,0,,,
293,293,10,0,0,1,0,1,0,REP,PRESIDENT OF THE UNITED STATES,"PAUL, RAND",206-Oatman,0,,,
294,294,10,0,0,0,0,0,0,REP,PRESIDENT OF THE UNITED STATES,"PAUL, RAND",207-Desert Hills,0,,,
295,295,10,0,0,0,0,0,0,REP,PRESIDENT OF THE UNITED STATES,"PAUL, RAND",208-Meadview,0,,,
296,296,10,0,0,1,0,1,0,REP,PRESIDENT OF THE UNITED STATES,"PAUL, RAND",209-Dolan Springs,0,,,
297,297,10,0,1,6,1,5,0,REP,PRESIDENT OF THE UNITED STATES,"PAUL, RAND",210-Golden Valley,0,,,
298,298,10,0,1,3,0,3,0,REP,PRESIDENT OF THE UNITED STATES,"PAUL, RAND",211-Bullhead City,0,,,
299,299,10,0,1,6,1,5,0,REP,PRESIDENT OF THE UNITED STATES,"PAUL, RAND",212-Mohave Valley,0,,,
300,300,10,0,1,1,1,0,0,REP,PRESIDENT OF THE UNITED STATES,"PAUL, RAND",213-Hackberry,0,,,
301,301,10,0,1,1,0,1,0,REP,PRESIDENT OF THE UNITED STATES,"PAUL, RAND",214-Truxton,0,,,
302,302,10,0,1,0,0,0,0,REP,PRESIDENT OF THE UNITED STATES,"PAUL, RAND",215-Kingman Central,0,,,
303,303,10,0,1,4,2,2,0,REP,PRESIDENT OF THE UNITED STATES,"PAUL, RAND",216-Kingman North,0,,,
304,304,10,0,1,3,1,2,0,REP,PRESIDENT OF THE UNITED STATES,"PAUL, RAND",217-Kingman South,0,,,
305,305,10,0,1,7,1,6,0,REP,PRESIDENT OF THE UNITED STATES,"PAUL, RAND",218-Kingman East,0,,,
306,306,10,0,1,6,4,2,0,REP,PRESIDENT OF THE UNITED STATES,"PAUL, RAND",219-Lake Havasu N.,0,,,
307,307,10,0,2,15,6,9,0,REP,PRESIDENT OF THE UNITED STATES,"PAUL, RAND",220-Lake Havasu S.,0,,,
308,308,10,0,2,0,0,0,0,REP,PRESIDENT OF THE UNITED STATES,"PAUL, RAND",221-Littlefield,0,,,
309,309,10,0,2,1,1,0,0,REP,PRESIDENT OF THE UNITED STATES,"PAUL, RAND",222-Golden Shores,0,,,
310,310,10,0,2,0,0,0,0,REP,PRESIDENT OF THE UNITED STATES,"PAUL, RAND",223-Moccasin,0,,,
311,311,10,0,2,0,0,0,0,REP,PRESIDENT OF THE UNITED STATES,"PAUL, RAND",224-Peach Springs,0,,,
312,312,10,0,0,4,1,3,0,REP,PRESIDENT OF THE UNITED STATES,"RUBIO, MARCO",201-Wikieup,0,,,
313,313,10,0,0,2,0,2,0,REP,PRESIDENT OF THE UNITED STATES,"RUBIO, MARCO",202-White Hills,0,,,
314,314,10,0,0,6,0,6,0,REP,PRESIDENT OF THE UNITED STATES,"RUBIO, MARCO",203-Yucca,0,,,
315,315,10,0,0,10,0,10,0,REP,PRESIDENT OF THE UNITED STATES,"RUBIO, MARCO",204-Chloride,0,,,
316,316,10,0,0,4,2,2,0,REP,PRESIDENT OF THE UNITED STATES,"RUBIO, MARCO",205-North Canyon,0,,,
317,317,10,0,0,2,0,2,0,REP,PRESIDENT OF THE UNITED STATES,"RUBIO, MARCO",206-Oatman,0,,,
318,318,10,0,0,21,1,20,0,REP,PRESIDENT OF THE UNITED STATES,"RUBIO, MARCO",207-Desert Hills,0,,,
319,319,10,0,0,5,0,5,0,REP,PRESIDENT OF THE UNITED STATES,"RUBIO, MARCO",208-Meadview,0,,,
320,320,10,0,0,8,0,8,0,REP,PRESIDENT OF THE UNITED STATES,"RUBIO, MARCO",209-Dolan Springs,0,,,
321,321,10,0,1,62,1,60,1,REP,PRESIDENT OF THE UNITED STATES,"RUBIO, MARCO",210-Golden Valley,0,,,
322,322,10,0,1,243,7,235,1,REP,PRESIDENT OF THE UNITED STATES,"RUBIO, MARCO",211-Bullhead City,0,,,
323,323,10,0,1,124,3,120,1,REP,PRESIDENT OF THE UNITED STATES,"RUBIO, MARCO",212-Mohave Valley,0,,,
324,324,10,0,1,15,0,15,0,REP,PRESIDENT OF THE UNITED STATES,"RUBIO, MARCO",213-Hackberry,0,,,
325,325,10,0,1,3,0,3,0,REP,PRESIDENT OF THE UNITED STATES,"RUBIO, MARCO",214-Truxton,0,,,
326,326,10,0,1,56,9,47,0,REP,PRESIDENT OF THE UNITED STATES,"RUBIO, MARCO",215-Kingman Central,0,,,
327,327,10,0,1,49,1,47,1,REP,PRESIDENT OF THE UNITED STATES,"RUBIO, MARCO",216-Kingman North,0,,,
328,328,10,0,1,122,5,116,1,REP,PRESIDENT OF THE UNITED STATES,"RUBIO, MARCO",217-Kingman South,0,,,
329,329,10,0,1,83,6,76,1,REP,PRESIDENT OF THE UNITED STATES,"RUBIO, MARCO",218-Kingman East,0,,,
330,330,10,0,1,133,3,130,0,REP,PRESIDENT OF THE UNITED STATES,"RUBIO, MARCO",219-Lake Havasu N.,0,,,
331,331,10,0,2,383,10,373,0,REP,PRESIDENT OF THE UNITED STATES,"RUBIO, MARCO",220-Lake Havasu S.,0,,,
332,332,10,0,2,5,0,5,0,REP,PRESIDENT OF THE UNITED STATES,"RUBIO, MARCO",221-Littlefield,0,,,
333,333,10,0,2,7,0,7,0,REP,PRESIDENT OF THE UNITED STATES,"RUBIO, MARCO",222-Golden Shores,0,,,
334,334,10,0,2,0,0,0,0,REP,PRESIDENT OF THE UNITED STATES,"RUBIO, MARCO",223-Moccasin,0,,,
335,335,10,0,2,1,0,1,0,REP,PRESIDENT OF THE UNITED STATES,"RUBIO, MARCO",224-Peach Springs,0,,,
336,336,10,0,0,0,0,0,0,REP,PRESIDENT OF THE UNITED STATES,"GRAHAM, LINDSEY",201-Wikieup,0,,,
337,337,10,0,0,0,0,0,0,REP,PRESIDENT OF THE UNITED STATES,"GRAHAM, LINDSEY",202-White Hills,0,,,
338,338,10,0,0,0,0,0,0,REP,PRESIDENT OF THE UNITED STATES,"GRAHAM, LINDSEY",203-Yucca,0,,,
339,339,10,0,0,0,0,0,0,REP,PRESIDENT OF THE UNITED STATES,"GRAHAM, LINDSEY",204-Chloride,0,,,
340,340,10,0,0,0,0,0,0,REP,PRESIDENT OF THE UNITED STATES,"GRAHAM, LINDSEY",205-North Canyon,0,,,
341,341,10,0,0,0,0,0,0,REP,PRESIDENT OF THE UNITED STATES,"GRAHAM, LINDSEY",206-Oatman,0,,,
342,342,10,0,0,0,0,0,0,REP,PRESIDENT OF THE UNITED STATES,"GRAHAM, LINDSEY",207-Desert Hills,0,,,
343,343,10,0,0,0,0,0,0,REP,PRESIDENT OF THE UNITED STATES,"GRAHAM, LINDSEY",208-Meadview,0,,,
344,344,10,0,0,0,0,0,0,REP,PRESIDENT OF THE UNITED STATES,"GRAHAM, LINDSEY",209-Dolan Springs,0,,,
345,345,10,0,1,0,0,0,0,REP,PRESIDENT OF THE UNITED STATES,"GRAHAM, LINDSEY",210-Golden Valley,0,,,
346,346,10,0,1,2,0,2,0,REP,PRESIDENT OF THE UNITED STATES,"GRAHAM, LINDSEY",211-Bullhead City,0,,,
347,347,10,0,1,1,0,1,0,REP,PRESIDENT OF THE UNITED STATES,"GRAHAM, LINDSEY",212-Mohave Valley,0,,,
348,348,10,0,1,0,0,0,0,REP,PRESIDENT OF THE UNITED STATES,"GRAHAM, LINDSEY",213-Hackberry,0,,,
349,349,10,0,1,0,0,0,0,REP,PRESIDENT OF THE UNITED STATES,"GRAHAM, LINDSEY",214-Truxton,0,,,
350,350,10,0,1,2,0,2,0,REP,PRESIDENT OF THE UNITED STATES,"GRAHAM, LINDSEY",215-Kingman Central,0,,,
351,351,10,0,1,0,0,0,0,REP,PRESIDENT OF THE UNITED STATES,"GRAHAM, LINDSEY",216-Kingman North,0,,,
352,352,10,0,1,0,0,0,0,REP,PRESIDENT OF THE UNITED STATES,"GRAHAM, LINDSEY",217-Kingman South,0,,,
353,353,10,0,1,1,0,1,0,REP,PRESIDENT OF THE UNITED STATES,"GRAHAM, LINDSEY",218-Kingman East,0,,,
354,354,10,0,1,0,0,0,0,REP,PRESIDENT OF THE UNITED STATES,"GRAHAM, LINDSEY",219-Lake Havasu N.,0,,,
355,355,10,0,2,3,1,2,0,REP,PRESIDENT OF THE UNITED STATES,"GRAHAM, LINDSEY",220-Lake Havasu S.,0,,,
356,356,10,0,2,0,0,0,0,REP,PRESIDENT OF THE UNITED STATES,"GRAHAM, LINDSEY",221-Littlefield,0,,,
357,357,10,0,2,0,0,0,0,REP,PRESIDENT OF THE UNITED STATES,"GRAHAM, LINDSEY",222-Golden Shores,0,,,
358,358,10,0,2,0,0,0,0,REP,PRESIDENT OF THE UNITED STATES,"GRAHAM, LINDSEY",223-Moccasin,0,,,
359,359,10,0,2,0,0,0,0,REP,PRESIDENT OF THE UNITED STATES,"GRAHAM, LINDSEY",224-Peach Springs,0,,,
360,360,10,0,0,1,0,1,0,REP,PRESIDENT OF THE UNITED STATES,"KASICH, JOHN R.",201-Wikieup,0,,,
361,361,10,0,0,4,2,2,0,REP,PRESIDENT OF THE UNITED STATES,"KASICH, JOHN R.",202-White Hills,0,,,
362,362,10,0,0,2,0,2,0,REP,PRESIDENT OF THE UNITED STATES,"KASICH, JOHN R.",203-Yucca,0,,,
363,363,10,0,0,3,0,3,0,REP,PRESIDENT OF THE UNITED STATES,"KASICH, JOHN R.",204-Chloride,0,,,
364,364,10,0,0,7,6,1,0,REP,PRESIDENT OF THE UNITED STATES,"KASICH, JOHN R.",205-North Canyon,0,,,
365,365,10,0,0,1,1,0,0,REP,PRESIDENT OF THE UNITED STATES,"KASICH, JOHN R.",206-Oatman,0,,,
366,366,10,0,0,22,6,16,0,REP,PRESIDENT OF THE UNITED STATES,"KASICH, JOHN R.",207-Desert Hills,0,,,
367,367,10,0,0,5,3,2,0,REP,PRESIDENT OF THE UNITED STATES,"KASICH, JOHN R.",208-Meadview,0,,,
368,368,10,0,0,4,2,1,1,REP,PRESIDENT OF THE UNITED STATES,"KASICH, JOHN R.",209-Dolan Springs,0,,,
369,369,10,0,1,37,11,24,2,REP,PRESIDENT OF THE UNITED STATES,"KASICH, JOHN R.",210-Golden Valley,0,,,
370,370,10,0,1,190,58,122,10,REP,PRESIDENT OF THE UNITED STATES,"KASICH, JOHN R.",211-Bullhead City,0,,,
371,371,10,0,1,102,44,56,2,REP,PRESIDENT OF THE UNITED STATES,"KASICH, JOHN R.",212-Mohave Valley,0,,,
372,372,10,0,1,19,7,9,3,REP,PRESIDENT OF THE UNITED STATES,"KASICH, JOHN R.",213-Hackberry,0,,,
373,373,10,0,1,1,0,1,0,REP,PRESIDENT OF THE UNITED STATES,"KASICH, JOHN R.",214-Truxton,0,,,
374,374,10,0,1,59,32,24,3,REP,PRESIDENT OF THE UNITED STATES,"KASICH, JOHN R.",215-Kingman Central,0,,,
375,375,10,0,1,61,25,34,2,REP,PRESIDENT OF THE UNITED STATES,"KASICH, JOHN R.",216-Kingman North,0,,,
376,376,10,0,1,149,62,85,2,REP,PRESIDENT OF THE UNITED STATES,"KASICH, JOHN R.",217-Kingman South,0,,,
377,377,10,0,1,86,35,48,3,REP,PRESIDENT OF THE UNITED STATES,"KASICH, JOHN R.",218-Kingman East,0,,,
378,378,10,0,1,126,36,89,1,REP,PRESIDENT OF THE UNITED STATES,"KASICH, JOHN R.",219-Lake Havasu N.,0,,,
379,379,10,0,2,349,118,219,12,REP,PRESIDENT OF THE UNITED STATES,"KASICH, JOHN R.",220-Lake Havasu S.,0,,,
380,380,10,0,2,9,5,3,1,REP,PRESIDENT OF THE UNITED STATES,"KASICH, JOHN R.",221-Littlefield,0,,,
381,381,10,0,2,12,6,5,1,REP,PRESIDENT OF THE UNITED STATES,"KASICH, JOHN R.",222-Golden Shores,0,,,
382,382,10,0,2,0,0,0,0,REP,PRESIDENT OF THE UNITED STATES,"KASICH, JOHN R.",223-Moccasin,0,,,
383,383,10,0,2,0,0,0,0,REP,PRESIDENT OF THE UNITED STATES,"KASICH, JOHN R.",224-Peach Springs,0,,,
384,384,10,0,0,2,0,2,0,REP,PRESIDENT OF THE UNITED STATES,"BUSH, JEB",201-Wikieup,0,,,
385,385,10,0,0,0,0,0,0,REP,PRESIDENT OF THE UNITED STATES,"BUSH, JEB",202-White Hills,0,,,
386,386,10,0,0,1,0,1,0,REP,PRESIDENT OF THE UNITED STATES,"BUSH, JEB",203-Yucca,0,,,
387,387,10,0,0,1,0,1,0,REP,PRESIDENT OF THE UNITED STATES,"BUSH, JEB",204-Chloride,0,,,
388,388,10,0,0,1,0,1,0,REP,PRESIDENT OF THE UNITED STATES,"BUSH, JEB",205-North Canyon,0,,,
389,389,10,0,0,0,0,0,0,REP,PRESIDENT OF THE UNITED STATES,"BUSH, JEB",206-Oatman,0,,,
390,390,10,0,0,1,0,1,0,REP,PRESIDENT OF THE UNITED STATES,"BUSH, JEB",207-Desert Hills,0,,,
391,391,10,0,0,0,0,0,0,REP,PRESIDENT OF THE UNITED STATES,"BUSH, JEB",208-Meadview,0,,,
392,392,10,0,0,0,0,0,0,REP,PRESIDENT OF THE UNITED STATES,"BUSH, JEB",209-Dolan Springs,0,,,
393,393,10,0,1,7,0,7,0,REP,PRESIDENT OF THE UNITED STATES,"BUSH, JEB",210-Golden Valley,0,,,
394,394,10,0,1,18,4,14,0,REP,PRESIDENT OF THE UNITED STATES,"BUSH, JEB",211-Bullhead City,0,,,
395,395,10,0,1,11,2,9,0,REP,PRESIDENT OF THE UNITED STATES,"BUSH, JEB",212-Mohave Valley,0,,,
396,396,10,0,1,2,2,0,0,REP,PRESIDENT OF THE UNITED STATES,"BUSH, JEB",213-Hackberry,0,,,
397,397,10,0,1,1,1,0,0,REP,PRESIDENT OF THE UNITED STATES,"BUSH, JEB",214-Truxton,0,,,
398,398,10,0,1,4,2,2,0,REP,PRESIDENT OF THE UNITED STATES,"BUSH, JEB",215-Kingman Central,0,,,
399,399,10,0,1,7,2,5,0,REP,PRESIDENT OF THE UNITED STATES,"BUSH, JEB",216-Kingman North,0,,,
400,400,10,0,1,11,3,8,0,REP,PRESIDENT OF THE UNITED STATES,"BUSH, JEB",217-Kingman South,0,,,
401,401,10,0,1,14,1,13,0,REP,PRESIDENT OF THE UNITED STATES,"BUSH, JEB",218-Kingman East,0,,,
402,402,10,0,1,13,0,11,2,REP,PRESIDENT OF THE UNITED STATES,"BUSH, JEB",219-Lake Havasu N.,0,,,
403,403,10,0,2,18,4,13,1,REP,PRESIDENT OF THE UNITED STATES,"BUSH, JEB",220-Lake Havasu S.,0,,,
404,404,10,0,2,2,0,2,0,REP,PRESIDENT OF THE UNITED STATES,"BUSH, JEB",221-Littlefield,0,,,
405,405,10,0,2,2,2,0,0,REP,PRESIDENT OF THE UNITED STATES,"BUSH, JEB",222-Golden Shores,0,,,
406,406,10,0,2,0,0,0,0,REP,PRESIDENT OF THE UNITED STATES,"BUSH, JEB",223-Moccasin,0,,,
407,407,10,0,2,0,0,0,0,REP,PRESIDENT OF THE UNITED STATES,"BUSH, JEB",224-Peach Springs,0,,,
408,408,10,0,0,37,13,22,2,REP,PRESIDENT OF THE UNITED STATES,"TRUMP, DONALD J.",201-Wikieup,0,,,
409,409,10,0,0,28,7,16,5,REP,PRESIDENT OF THE UNITED STATES,"TRUMP, DONALD J.",202-White Hills,0,,,
410,410,10,0,0,112,38,71,3,REP,PRESIDENT OF THE UNITED STATES,"TRUMP, DONALD J.",203-Yucca,0,,,
411,411,10,0,0,83,28,54,1,REP,PRESIDENT OF THE UNITED STATES,"TRUMP, DONALD J.",204-Chloride,0,,,
412,412,10,0,0,68,43,20,5,REP,PRESIDENT OF THE UNITED STATES,"TRUMP, DONALD J.",205-North Canyon,0,,,
413,413,10,0,0,30,13,14,3,REP,PRESIDENT OF THE UNITED STATES,"TRUMP, DONALD J.",206-Oatman,0,,,
414,414,10,0,0,355,127,220,8,REP,PRESIDENT OF THE UNITED STATES,"TRUMP, DONALD J.",207-Desert Hills,0,,,
415,415,10,0,0,156,55,97,4,REP,PRESIDENT OF THE UNITED STATES,"TRUMP, DONALD J.",208-Meadview,0,,,
416,416,10,0,0,115,46,61,8,REP,PRESIDENT OF THE UNITED STATES,"TRUMP, DONALD J.",209-Dolan Springs,0,,,
417,417,10,0,1,899,321,540,38,REP,PRESIDENT OF THE UNITED STATES,"TRUMP, DONALD J.",210-Golden Valley,0,,,
418,418,10,0,1,2601,842,1655,104,REP,PRESIDENT OF THE UNITED STATES,"TRUMP, DONALD J.",211-Bullhead City,0,,,
419,419,10,0,1,1526,661,813,52,REP,PRESIDENT OF THE UNITED STATES,"TRUMP, DONALD J.",212-Mohave Valley,0,,,
420,420,10,0,1,330,140,175,15,REP,PRESIDENT OF THE UNITED STATES,"TRUMP, DONALD J.",213-Hackberry,0,,,
421,421,10,0,1,27,5,22,0,REP,PRESIDENT OF THE UNITED STATES,"TRUMP, DONALD J.",214-Truxton,0,,,
422,422,10,0,1,517,206,292,19,REP,PRESIDENT OF THE UNITED STATES,"TRUMP, DONALD J.",215-Kingman Central,0,,,
423,423,10,0,1,792,341,425,26,REP,PRESIDENT OF THE UNITED STATES,"TRUMP, DONALD J.",216-Kingman North,0,,,
424,424,10,0,1,1153,485,628,40,REP,PRESIDENT OF THE UNITED STATES,"TRUMP, DONALD J.",217-Kingman South,0,,,
425,425,10,0,1,1145,436,674,35,REP,PRESIDENT OF THE UNITED STATES,"TRUMP, DONALD J.",218-Kingman East,0,,,
426,426,10,0,1,1788,607,1125,56,REP,PRESIDENT OF THE UNITED STATES,"TRUMP, DONALD J.",219-Lake Havasu N.,0,,,
427,427,10,0,2,4138,1470,2526,142,REP,PRESIDENT OF THE UNITED STATES,"TRUMP, DONALD J.",220-Lake Havasu S.,0,,,
428,428,10,0,2,129,79,48,2,REP,PRESIDENT OF THE UNITED STATES,"TRUMP, DONALD J.",221-Littlefield,0,,,
429,429,10,0,2,179,72,100,7,REP,PRESIDENT OF THE UNITED STATES,"TRUMP, DONALD J.",222-Golden Shores,0,,,
430,430,10,0,2,1,1,0,0,REP,PRESIDENT OF THE UNITED STATES,"TRUMP, DONALD J.",223-Moccasin,0,,,
431,431,10,0,2,2,0,2,0,REP,PRESIDENT OF THE UNITED STATES,"TRUMP, DONALD J.",224-Peach Springs,0,,,
432,432,10,0,0,0,0,0,0,REP,PRESIDENT OF THE UNITED STATES,"FIORINA, CARLY",201-Wikieup,0,,,
433,433,10,0,0,0,0,0,0,REP,PRESIDENT OF THE UNITED STATES,"FIORINA, CARLY",202-White Hills,0,,,
434,434,10,0,0,0,0,0,0,REP,PRESIDENT OF THE UNITED STATES,"FIORINA, CARLY",203-Yucca,0,,,
435,435,10,0,0,0,0,0,0,REP,PRESIDENT OF THE UNITED STATES,"FIORINA, CARLY",204-Chloride,0,,,
436,436,10,0,0,1,0,1,0,REP,PRESIDENT OF THE UNITED STATES,"FIORINA, CARLY",205-North Canyon,0,,,
437,437,10,0,0,0,0,0,0,REP,PRESIDENT OF THE UNITED STATES,"FIORINA, CARLY",206-Oatman,0,,,
438,438,10,0,0,2,0,2,0,REP,PRESIDENT OF THE UNITED STATES,"FIORINA, CARLY",207-Desert Hills,0,,,
439,439,10,0,0,0,0,0,0,REP,PRESIDENT OF THE UNITED STATES,"FIORINA, CARLY",208-Meadview,0,,,
440,440,10,0,0,0,0,0,0,REP,PRESIDENT OF THE UNITED STATES,"FIORINA, CARLY",209-Dolan Springs,0,,,
441,441,10,0,1,0,0,0,0,REP,PRESIDENT OF THE UNITED STATES,"FIORINA, CARLY",210-Golden Valley,0,,,
442,442,10,0,1,5,1,4,0,REP,PRESIDENT OF THE UNITED STATES,"FIORINA, CARLY",211-Bullhead City,0,,,
443,443,10,0,1,2,0,2,0,REP,PRESIDENT OF THE UNITED STATES,"FIORINA, CARLY",212-Mohave Valley,0,,,
444,444,10,0,1,0,0,0,0,REP,PRESIDENT OF THE UNITED STATES,"FIORINA, CARLY",213-Hackberry,0,,,
445,445,10,0,1,0,0,0,0,REP,PRESIDENT OF THE UNITED STATES,"FIORINA, CARLY",214-Truxton,0,,,
446,446,10,0,1,2,0,1,1,REP,PRESIDENT OF THE UNITED STATES,"FIORINA, CARLY",215-Kingman Central,0,,,
447,447,10,0,1,1,0,0,1,REP,PRESIDENT OF THE UNITED STATES,"FIORINA, CARLY",216-Kingman North,0,,,
448,448,10,0,1,2,0,2,0,REP,PRESIDENT OF THE UNITED STATES,"FIORINA, CARLY",217-Kingman South,0,,,
449,449,10,0,1,1,1,0,0,REP,PRESIDENT OF THE UNITED STATES,"FIORINA, CARLY",218-Kingman East,0,,,
450,450,10,0,1,2,0,2,0,REP,PRESIDENT OF THE UNITED STATES,"FIORINA, CARLY",219-Lake Havasu N.,0,,,
451,451,10,0,2,6,4,2,0,REP,PRESIDENT OF THE UNITED STATES,"FIORINA, CARLY",220-Lake Havasu S.,0,,,
452,452,10,0,2,0,0,0,0,REP,PRESIDENT OF THE UNITED STATES,"FIORINA, CARLY",221-Littlefield,0,,,
453,453,10,0,2,0,0,0,0,REP,PRESIDENT OF THE UNITED STATES,"FIORINA, CARLY",222-Golden Shores,0,,,
454,454,10,0,2,0,0,0,0,REP,PRESIDENT OF THE UNITED STATES,"FIORINA, CARLY",223-Moccasin,0,,,
455,455,10,0,2,0,0,0,0,REP,PRESIDENT OF THE UNITED STATES,"FIORINA, CARLY",224-Peach Springs,0,,,
456,456,10,1,0,0,0,0,0,REP,PRESIDENT OF THE UNITED STATES,"PATAKI, GEORGE E.",201-Wikieup,0,,,
457,457,10,1,0,0,0,0,0,REP,PRESIDENT OF THE UNITED STATES,"PATAKI, GEORGE E.",202-White Hills,0,,,
458,458,10,1,0,0,0,0,0,REP,PRESIDENT OF THE UNITED STATES,"PATAKI, GEORGE E.",203-Yucca,0,,,
459,459,10,1,0,0,0,0,0,REP,PRESIDENT OF THE UNITED STATES,"PATAKI, GEORGE E.",204-Chloride,0,,,
460,460,10,1,0,1,0,1,0,REP,PRESIDENT OF THE UNITED STATES,"PATAKI, GEORGE E.",205-North Canyon,0,,,
461,461,10,1,0,0,0,0,0,REP,PRESIDENT OF THE UNITED STATES,"PATAKI, GEORGE E.",206-Oatman,0,,,
462,462,10,1,0,0,0,0,0,REP,PRESIDENT OF THE UNITED STATES,"PATAKI, GEORGE E.",207-Desert Hills,0,,,
463,463,10,1,0,0,0,0,0,REP,PRESIDENT OF THE UNITED STATES,"PATAKI, GEORGE E.",208-Meadview,0,,,
464,464,10,1,0,0,0,0,0,REP,PRESIDENT OF THE UNITED STATES,"PATAKI, GEORGE E.",209-Dolan Springs,0,,,
465,465,10,1,1,0,0,0,0,REP,PRESIDENT OF THE UNITED STATES,"PATAKI, GEORGE E.",210-Golden Valley,0,,,
466,466,10,1,1,2,0,2,0,REP,PRESIDENT OF THE UNITED STATES,"PATAKI, GEORGE E.",211-Bullhead City,0,,,
467,467,10,1,1,0,0,0,0,REP,PRESIDENT OF THE UNITED STATES,"PATAKI, GEORGE E.",212-Mohave Valley,0,,,
468,468,10,1,1,0,0,0,0,REP,PRESIDENT OF THE UNITED STATES,"PATAKI, GEORGE E.",213-Hackberry,0,,,
469,469,10,1,1,0,0,0,0,REP,PRESIDENT OF THE UNITED STATES,"PATAKI, GEORGE E.",214-Truxton,0,,,
470,470,10,1,1,0,0,0,0,REP,PRESIDENT OF THE UNITED STATES,"PATAKI, GEORGE E.",215-Kingman Central,0,,,
471,471,10,1,1,0,0,0,0,REP,PRESIDENT OF THE UNITED STATES,"PATAKI, GEORGE E.",216-Kingman North,0,,,
472,472,10,1,1,0,0,0,0,REP,PRESIDENT OF THE UNITED STATES,"PATAKI, GEORGE E.",217-Kingman South,0,,,
473,473,10,1,1,0,0,0,0,REP,PRESIDENT OF THE UNITED STATES,"PATAKI, GEORGE E.",218-Kingman East,0,,,
474,474,10,1,1,0,0,0,0,REP,PRESIDENT OF THE UNITED STATES,"PATAKI, GEORGE E.",219-Lake Havasu N.,0,,,
475,475,10,1,2,0,0,0,0,REP,PRESIDENT OF THE UNITED STATES,"PATAKI, GEORGE E.",220-Lake Havasu S.,0,,,
476,476,10,1,2,0,0,0,0,REP,PRESIDENT OF THE UNITED STATES,"PATAKI, GEORGE E.",221-Littlefield,0,,,
477,477,10,1,2,0,0,0,0,REP,PRESIDENT OF THE UNITED STATES,"PATAKI, GEORGE E.",222-Golden Shores,0,,,
478,478,10,1,2,0,0,0,0,REP,PRESIDENT OF THE UNITED STATES,"PATAKI, GEORGE E.",223-Moccasin,0,,,
479,479,10,1,2,0,0,0,0,REP,PRESIDENT OF THE UNITED STATES,"PATAKI, GEORGE E.",224-Peach Springs,0,,,
480,480,10,1,0,16,8,8,0,REP,PRESIDENT OF THE UNITED STATES,"CRUZ, TED",201-Wikieup,0,,,
481,481,10,1,0,6,0,4,2,REP,PRESIDENT OF THE UNITED STATES,"CRUZ, TED",202-White Hills,0,,,
482,482,10,1,0,28,9,19,0,REP,PRESIDENT OF THE UNITED STATES,"CRUZ, TED",203-Yucca,0,,,
483,483,10,1,0,37,8,29,0,REP,PRESIDENT OF THE UNITED STATES,"CRUZ, TED",204-Chloride,0,,,
484,484,10,1,0,40,21,17,2,REP,PRESIDENT OF THE UNITED STATES,"CRUZ, TED",205-North Canyon,0,,,
485,485,10,1,0,6,2,4,0,REP,PRESIDENT OF THE UNITED STATES,"CRUZ, TED",206-Oatman,0,,,
486,486,10,1,0,60,22,33,5,REP,PRESIDENT OF THE UNITED STATES,"CRUZ, TED",207-Desert Hills,0,,,
487,487,10,1,0,44,21,23,0,REP,PRESIDENT OF THE UNITED STATES,"CRUZ, TED",208-Meadview,0,,,
488,488,10,1,0,36,17,17,2,REP,PRESIDENT OF THE UNITED STATES,"CRUZ, TED",209-Dolan Springs,0,,,
489,489,10,1,1,278,121,151,6,REP,PRESIDENT OF THE UNITED STATES,"CRUZ, TED",210-Golden Valley,0,,,
490,490,10,1,1,783,307,444,32,REP,PRESIDENT OF THE UNITED STATES,"CRUZ, TED",211-Bullhead City,0,,,
491,491,10,1,1,532,262,251,19,REP,PRESIDENT OF THE UNITED STATES,"CRUZ, TED",212-Mohave Valley,0,,,
492,492,10,1,1,148,77,65,6,REP,PRESIDENT OF THE UNITED STATES,"CRUZ, TED",213-Hackberry,0,,,
493,493,10,1,1,22,11,7,4,REP,PRESIDENT OF THE UNITED STATES,"CRUZ, TED",214-Truxton,0,,,
494,494,10,1,1,310,175,126,9,REP,PRESIDENT OF THE UNITED STATES,"CRUZ, TED",215-Kingman Central,0,,,
495,495,10,1,1,385,194,174,17,REP,PRESIDENT OF THE UNITED STATES,"CRUZ, TED",216-Kingman North,0,,,
496,496,10,1,1,595,321,263,11,REP,PRESIDENT OF THE UNITED STATES,"CRUZ, TED",217-Kingman South,0,,,
497,497,10,1,1,549,271,259,19,REP,PRESIDENT OF THE UNITED STATES,"CRUZ, TED",218-Kingman East,0,,,
498,498,10,1,1,425,170,247,8,REP,PRESIDENT OF THE UNITED STATES,"CRUZ, TED",219-Lake Havasu N.,0,,,
499,499,10,1,2,1203,550,621,32,REP,PRESIDENT OF THE UNITED STATES,"CRUZ, TED",220-Lake Havasu S.,0,,,
500,500,10,1,2,40,25,13,2,REP,PRESIDENT OF THE UNITED STATES,"CRUZ, TED",221-Littlefield,0,,,
501,501,10,1,2,52,24,27,1,REP,PRESIDENT OF THE UNITED STATES,"CRUZ, TED",222-Golden Shores,0,,,
502,502,10,1,2,18,13,5,0,REP,PRESIDENT OF THE UNITED STATES,"CRUZ, TED",223-Moccasin,0,,,
503,503,10,1,2,4,3,1,0,REP,PRESIDENT OF THE UNITED STATES,"CRUZ, TED",224-Peach Springs,0,,,
504,504,10,1,0,0,0,0,0,REP,PRESIDENT OF THE UNITED STATES,"HUCKABEE, MIKE",201-Wikieup,0,,,
505,505,10,1,0,0,0,0,0,REP,PRESIDENT OF THE UNITED STATES,"HUCKABEE, MIKE",202-White Hills,0,,,
506,506,10,1,0,0,0,0,0,REP,PRESIDENT OF THE UNITED STATES,"HUCKABEE, MIKE",203-Yucca,0,,,
507,507,10,1,0,0,0,0,0,REP,PRESIDENT OF THE UNITED STATES,"HUCKABEE, MIKE",204-Chloride,0,,,
508,508,10,1,0,0,0,0,0,REP,PRESIDENT OF THE UNITED STATES,"HUCKABEE, MIKE",205-North Canyon,0,,,
509,509,10,1,0,0,0,0,0,REP,PRESIDENT OF THE UNITED STATES,"HUCKABEE, MIKE",206-Oatman,0,,,
510,510,10,1,0,0,0,0,0,REP,PRESIDENT OF THE UNITED STATES,"HUCKABEE, MIKE",207-Desert Hills,0,,,
511,511,10,1,0,1,0,1,0,REP,PRESIDENT OF THE UNITED STATES,"HUCKABEE, MIKE",208-Meadview,0,,,
512,512,10,1,0,1,1,0,0,REP,PRESIDENT OF THE UNITED STATES,"HUCKABEE, MIKE",209-Dolan Springs,0,,,
513,513,10,1,1,6,0,6,0,REP,PRESIDENT OF THE UNITED STATES,"HUCKABEE, MIKE",210-Golden Valley,0,,,
514,514,10,1,1,10,1,9,0,REP,PRESIDENT OF THE UNITED STATES,"HUCKABEE, MIKE",211-Bullhead City,0,,,
515,515,10,1,1,1,0,1,0,REP,PRESIDENT OF THE UNITED STATES,"HUCKABEE, MIKE",212-Mohave Valley,0,,,
516,516,10,1,1,1,0,1,0,REP,PRESIDENT OF THE UNITED STATES,"HUCKABEE, MIKE",213-Hackberry,0,,,
517,517,10,1,1,0,0,0,0,REP,PRESIDENT OF THE UNITED STATES,"HUCKABEE, MIKE",214-Truxton,0,,,
518,518,10,1,1,1,0,1,0,REP,PRESIDENT OF THE UNITED STATES,"HUCKABEE, MIKE",215-Kingman Central,0,,,
519,519,10,1,1,2,1,1,0,REP,PRESIDENT OF THE UNITED STATES,"HUCKABEE, MIKE",216-Kingman North,0,,,
520,520,10,1,1,2,1,1,0,REP,PRESIDENT OF THE UNITED STATES,"HUCKABEE, MIKE",217-Kingman South,0,,,
521,521,10,1,1,7,2,5,0,REP,PRESIDENT OF THE UNITED STATES,"HUCKABEE, MIKE",218-Kingman East,0,,,
522,522,10,1,1,9,3,6,0,REP,PRESIDENT OF THE UNITED STATES,"HUCKABEE, MIKE",219-Lake Havasu N.,0,,,
523,523,10,1,2,8,1,6,1,REP,PRESIDENT OF THE UNITED STATES,"HUCKABEE, MIKE",220-Lake Havasu S.,0,,,
524,524,10,1,2,2,1,1,0,REP,PRESIDENT OF THE UNITED STATES,"HUCKABEE, MIKE",221-Littlefield,0,,,
525,525,10,1,2,0,0,0,0,REP,PRESIDENT OF THE UNITED STATES,"HUCKABEE, MIKE",222-Golden Shores,0,,,
526,526,10,1,2,0,0,0,0,REP,PRESIDENT OF THE UNITED STATES,"HUCKABEE, MIKE",223-Moccasin,0,,,
527,527,10,1,2,0,0,0,0,REP,PRESIDENT OF THE UNITED STATES,"HUCKABEE, MIKE",224-Peach Springs,0,,,
528,528,10,1,0,0,0,0,0,REP,PRESIDENT OF THE UNITED STATES,"CHRISTIE, CHRIS",201-Wikieup,0,,,
529,529,10,1,0,0,0,0,0,REP,PRESIDENT OF THE UNITED STATES,"CHRISTIE, CHRIS",202-White Hills,0,,,
530,530,10,1,0,0,0,0,0,REP,PRESIDENT OF THE UNITED STATES,"CHRISTIE, CHRIS",203-Yucca,0,,,
531,531,10,1,0,0,0,0,0,REP,PRESIDENT OF THE UNITED STATES,"CHRISTIE, CHRIS",204-Chloride,0,,,
532,532,10,1,0,0,0,0,0,REP,PRESIDENT OF THE UNITED STATES,"CHRISTIE, CHRIS",205-North Canyon,0,,,
533,533,10,1,0,0,0,0,0,REP,PRESIDENT OF THE UNITED STATES,"CHRISTIE, CHRIS",206-Oatman,0,,,
534,534,10,1,0,0,0,0,0,REP,PRESIDENT OF THE UNITED STATES,"CHRISTIE, CHRIS",207-Desert Hills,0,,,
535,535,10,1,0,0,0,0,0,REP,PRESIDENT OF THE UNITED STATES,"CHRISTIE, CHRIS",208-Meadview,0,,,
536,536,10,1,0,0,0,0,0,REP,PRESIDENT OF THE UNITED STATES,"CHRISTIE, CHRIS",209-Dolan Springs,0,,,
537,537,10,1,1,0,0,0,0,REP,PRESIDENT OF THE UNITED STATES,"CHRISTIE, CHRIS",210-Golden Valley,0,,,
538,538,10,1,1,6,0,6,0,REP,PRESIDENT OF THE UNITED STATES,"CHRISTIE, CHRIS",211-Bullhead City,0,,,
539,539,10,1,1,3,1,2,0,REP,PRESIDENT OF THE UNITED STATES,"CHRISTIE, CHRIS",212-Mohave Valley,0,,,
540,540,10,1,1,0,0,0,0,REP,PRESIDENT OF THE UNITED STATES,"CHRISTIE, CHRIS",213-Hackberry,0,,,
541,541,10,1,1,0,0,0,0,REP,PRESIDENT OF THE UNITED STATES,"CHRISTIE, CHRIS",214-Truxton,0,,,
542,542,10,1,1,2,0,2,0,REP,PRESIDENT OF THE UNITED STATES,"CHRISTIE, CHRIS",215-Kingman Central,0,,,
543,543,10,1,1,0,0,0,0,REP,PRESIDENT OF THE UNITED STATES,"CHRISTIE, CHRIS",216-Kingman North,0,,,
544,544,10,1,1,8,1,7,0,REP,PRESIDENT OF THE UNITED STATES,"CHRISTIE, CHRIS",217-Kingman South,0,,,
545,545,10,1,1,2,1,1,0,REP,PRESIDENT OF THE UNITED STATES,"CHRISTIE, CHRIS",218-Kingman East,0,,,
546,546,10,1,1,4,1,2,1,REP,PRESIDENT OF THE UNITED STATES,"CHRISTIE, CHRIS",219-Lake Havasu N.,0,,,
547,547,10,1,2,8,2,6,0,REP,PRESIDENT OF THE UNITED STATES,"CHRISTIE, CHRIS",220-Lake Havasu S.,0,,,
548,548,10,1,2,0,0,0,0,REP,PRESIDENT OF THE UNITED STATES,"CHRISTIE, CHRIS",221-Littlefield,0,,,
549,549,10,1,2,0,0,0,0,REP,PRESIDENT OF THE UNITED STATES,"CHRISTIE, CHRIS",222-Golden Shores,0,,,
550,550,10,1,2,0,0,0,0,REP,PRESIDENT OF THE UNITED STATES,"CHRISTIE, CHRIS",223-Moccasin,0,,,
551,551,10,1,2,0,0,0,0,REP,PRESIDENT OF THE UNITED STATES,"CHRISTIE, CHRIS",224-Peach Springs,0,,,
552,552,10,1,0,1,1,0,0,REP,PRESIDENT OF THE UNITED STATES,"CARSON, BEN",201-Wikieup,0,,,
553,553,10,1,0,0,0,0,0,REP,PRESIDENT OF THE UNITED STATES,"CARSON, BEN",202-White Hills,0,,,
554,554,10,1,0,1,0,1,0,REP,PRESIDENT OF THE UNITED STATES,"CARSON, BEN",203-Yucca,0,,,
555,555,10,1,0,2,1,1,0,REP,PRESIDENT OF THE UNITED STATES,"CARSON, BEN",204-Chloride,0,,,
556,556,10,1,0,6,2,4,0,REP,PRESIDENT OF THE UNITED STATES,"CARSON, BEN",205-North Canyon,0,,,
557,557,10,1,0,0,0,0,0,REP,PRESIDENT OF THE UNITED STATES,"CARSON, BEN",206-Oatman,0,,,
558,558,10,1,0,8,0,8,0,REP,PRESIDENT OF THE UNITED STATES,"CARSON, BEN",207-Desert Hills,0,,,
559,559,10,1,0,3,0,3,0,REP,PRESIDENT OF THE UNITED STATES,"CARSON, BEN",208-Meadview,0,,,
560,560,10,1,0,3,0,3,0,REP,PRESIDENT OF THE UNITED STATES,"CARSON, BEN",209-Dolan Springs,0,,,
561,561,10,1,1,10,0,9,1,REP,PRESIDENT OF THE UNITED STATES,"CARSON, BEN",210-Golden Valley,0,,,
562,562,10,1,1,47,5,42,0,REP,PRESIDENT OF THE UNITED STATES,"CARSON, BEN",211-Bullhead City,0,,,
563,563,10,1,1,28,1,27,0,REP,PRESIDENT OF THE UNITED STATES,"CARSON, BEN",212-Mohave Valley,0,,,
564,564,10,1,1,8,0,8,0,REP,PRESIDENT OF THE UNITED STATES,"CARSON, BEN",213-Hackberry,0,,,
565,565,10,1,1,1,0,0,1,REP,PRESIDENT OF THE UNITED STATES,"CARSON, BEN",214-Truxton,0,,,
566,566,10,1,1,19,2,16,1,REP,PRESIDENT OF THE UNITED STATES,"CARSON, BEN",215-Kingman Central,0,,,
567,567,10,1,1,20,1,19,0,REP,PRESIDENT OF THE UNITED STATES,"CARSON, BEN",216-Kingman North,0,,,
568,568,10,1,1,36,5,29,2,REP,PRESIDENT OF THE UNITED STATES,"CARSON, BEN",217-Kingman South,0,,,
569,569,10,1,1,30,4,26,0,REP,PRESIDENT OF THE UNITED STATES,"CARSON, BEN",218-Kingman East,0,,,
570,570,10,1,1,30,5,25,0,REP,PRESIDENT OF THE UNITED STATES,"CARSON, BEN",219-Lake Havasu N.,0,,,
571,571,10,1,2,76,6,70,0,REP,PRESIDENT OF THE UNITED STATES,"CARSON, BEN",220-Lake Havasu S.,0,,,
572,572,10,1,2,0,0,0,0,REP,PRESIDENT OF THE UNITED STATES,"CARSON, BEN",221-Littlefield,0,,,
573,573,10,1,2,3,1,2,0,REP,PRESIDENT OF THE UNITED STATES,"CARSON, BEN",222-Golden Shores,0,,,
574,574,10,1,2,0,0,0,0,REP,PRESIDENT OF THE UNITED STATES,"CARSON, BEN",223-Moccasin,0,,,
575,575,10,1,2,0,0,0,0,REP,PRESIDENT OF THE UNITED STATES,"CARSON, BEN",224-Peach Springs,0,,,
576,576,10,1,0,0,0,0,0,REP,PRESIDENT OF THE UNITED STATES,OVER VOTES,201-Wikieup,0,,,
577,577,10,1,0,0,0,0,0,REP,PRESIDENT OF THE UNITED STATES,OVER VOTES,202-White Hills,0,,,
578,578,10,1,0,0,0,0,0,REP,PRESIDENT OF THE UNITED STATES,OVER VOTES,203-Yucca,0,,,
579,579,10,1,0,0,0,0,0,REP,PRESIDENT OF THE UNITED STATES,OVER VOTES,204-Chloride,0,,,
580,580,10,1,0,0,0,0,0,REP,PRESIDENT OF THE UNITED STATES,OVER VOTES,205-North Canyon,0,,,
581,581,10,1,0,0,0,0,0,REP,PRESIDENT OF THE UNITED STATES,OVER VOTES,206-Oatman,0,,,
582,582,10,1,0,0,0,0,0,REP,PRESIDENT OF THE UNITED STATES,OVER VOTES,207-Desert Hills,0,,,
583,583,10,1,0,0,0,0,0,REP,PRESIDENT OF THE UNITED STATES,OVER VOTES,208-Meadview,0,,,
584,584,10,1,0,1,0,1,0,REP,PRESIDENT OF THE UNITED STATES,OVER VOTES,209-Dolan Springs,0,,,
585,585,10,1,1,0,0,0,0,REP,PRESIDENT OF THE UNITED STATES,OVER VOTES,210-Golden Valley,0,,,
586,586,10,1,1,6,2,4,0,REP,PRESIDENT OF THE UNITED STATES,OVER VOTES,211-Bullhead City,0,,,
587,587,10,1,1,2,1,1,0,REP,PRESIDENT OF THE UNITED STATES,OVER VOTES,212-Mohave Valley,0,,,
588,588,10,1,1,1,0,0,1,REP,PRESIDENT OF THE UNITED STATES,OVER VOTES,213-Hackberry,0,,,
589,589,10,1,1,0,0,0,0,REP,PRESIDENT OF THE UNITED STATES,OVER VOTES,214-Truxton,0,,,
590,590,10,1,1,1,1,0,0,REP,PRESIDENT OF THE UNITED STATES,OVER VOTES,215-Kingman Central,0,,,
591,591,10,1,1,1,0,1,0,REP,PRESIDENT OF THE UNITED STATES,OVER VOTES,216-Kingman North,0,,,
592,592,10,1,1,2,1,1,0,REP,PRESIDENT OF THE UNITED STATES,OVER VOTES,217-Kingman South,0,,,
593,593,10,1,1,1,1,0,0,REP,PRESIDENT OF THE UNITED STATES,OVER VOTES,218-Kingman East,0,,,
594,594,10,1,1,3,0,2,1,REP,PRESIDENT OF THE UNITED STATES,OVER VOTES,219-Lake Havasu N.,0,,,
595,595,10,1,2,4,1,3,0,REP,PRESIDENT OF THE UNITED STATES,OVER VOTES,220-Lake Havasu S.,0,,,
596,596,10,1,2,0,0,0,0,REP,PRESIDENT OF THE UNITED STATES,OVER VOTES,221-Littlefield,0,,,
597,597,10,1,2,0,0,0,0,REP,PRESIDENT OF THE UNITED STATES,OVER VOTES,222-Golden Shores,0,,,
598,598,10,1,2,0,0,0,0,REP,PRESIDENT OF THE UNITED STATES,OVER VOTES,223-Moccasin,0,,,
599,599,10,1,2,0,0,0,0,REP,PRESIDENT OF THE UNITED STATES,OVER VOTES,224-Peach Springs,0,,,
600,600,10,1,0,0,0,0,0,REP,PRESIDENT OF THE UNITED STATES,UNDER VOTES,201-Wikieup,0,,,
601,601,10,1,0,0,0,0,0,REP,PRESIDENT OF THE UNITED STATES,UNDER VOTES,202-White Hills,0,,,
602,602,10,1,0,0,0,0,0,REP,PRESIDENT OF THE UNITED STATES,UNDER VOTES,203-Yucca,0,,,
603,603,10,1,0,0,0,0,0,REP,PRESIDENT OF THE UNITED STATES,UNDER VOTES,204-Chloride,0,,,
604,604,10,1,0,1,0,1,0,REP,PRESIDENT OF THE UNITED STATES,UNDER VOTES,205-North Canyon,0,,,
605,605,10,1,0,0,0,0,0,REP,PRESIDENT OF THE UNITED STATES,UNDER VOTES,206-Oatman,0,,,
606,606,10,1,0,0,0,0,0,REP,PRESIDENT OF THE UNITED STATES,UNDER VOTES,207-Desert Hills,0,,,
607,607,10,1,0,0,0,0,0,REP,PRESIDENT OF THE UNITED STATES,UNDER VOTES,208-Meadview,0,,,
608,608,10,1,0,0,0,0,0,REP,PRESIDENT OF THE UNITED STATES,UNDER VOTES,209-Dolan Springs,0,,,
609,609,10,1,1,3,2,1,0,REP,PRESIDENT OF THE UNITED STATES,UNDER VOTES,210-Golden Valley,0,,,
610,610,10,1,1,5,2,3,0,REP,PRESIDENT OF THE UNITED STATES,UNDER VOTES,211-Bullhead City,0,,,
611,611,10,1,1,4,1,3,0,REP,PRESIDENT OF THE UNITED STATES,UNDER VOTES,212-Mohave Valley,0,,,
612,612,10,1,1,0,0,0,0,REP,PRESIDENT OF THE UNITED STATES,UNDER VOTES,213-Hackberry,0,,,
613,613,10,1,1,0,0,0,0,REP,PRESIDENT OF THE UNITED STATES,UNDER VOTES,214-Truxton,0,,,
614,614,10,1,1,0,0,0,0,REP,PRESIDENT OF THE UNITED STATES,UNDER VOTES,215-Kingman Central,0,,,
615,615,10,1,1,0,0,0,0,REP,PRESIDENT OF THE UNITED STATES,UNDER VOTES,216-Kingman North,0,,,
616,616,10,1,1,1,1,0,0,REP,PRESIDENT OF THE UNITED STATES,UNDER VOTES,217-Kingman South,0,,,
617,617,10,1,1,1,0,1,0,REP,PRESIDENT OF THE UNITED STATES,UNDER VOTES,218-Kingman East,0,,,
618,618,10,1,1,1,0,1,0,REP,PRESIDENT OF THE UNITED STATES,UNDER VOTES,219-Lake Havasu N.,0,,,
619,619,10,1,2,5,1,4,0,REP,PRESIDENT OF THE UNITED STATES,UNDER VOTES,220-Lake Havasu S.,0,,,
620,620,10,1,2,0,0,0,0,REP,PRESIDENT OF THE UNITED STATES,UNDER VOTES,221-Littlefield,0,,,
621,621,10,1,2,1,1,0,0,REP,PRESIDENT OF THE UNITED STATES,UNDER VOTES,222-Golden Shores,0,,,
622,622,10,1,2,0,0,0,0,REP,PRESIDENT OF THE UNITED STATES,UNDER VOTES,223-Moccasin,0,,,
623,623,10,1,2,0,0,0,0,REP,PRESIDENT OF THE UNITED STATES,UNDER VOTES,224-Peach Springs,0,,,
624,624,10,0,0,1,0,1,0,DEM,PRESIDENT OF THE UNITED STATES,"DE LA FUENTE, ROQUE ""ROCKY""",201-Wikieup,0,,,
625,625,10,0,0,0,0,0,0,DEM,PRESIDENT OF THE UNITED STATES,"DE LA FUENTE, ROQUE ""ROCKY""",202-White Hills,0,,,
626,626,10,0,0,0,0,0,0,DEM,PRESIDENT OF THE UNITED STATES,"DE LA FUENTE, ROQUE ""ROCKY""",203-Yucca,0,,,
627,627,10,0,0,2,0,2,0,DEM,PRESIDENT OF THE UNITED STATES,"DE LA FUENTE, ROQUE ""ROCKY""",204-Chloride,0,,,
628,628,10,0,0,0,0,0,0,DEM,PRESIDENT OF THE UNITED STATES,"DE LA FUENTE, ROQUE ""ROCKY""",205-North Canyon,0,,,
629,629,10,0,0,0,0,0,0,DEM,PRESIDENT OF THE UNITED STATES,"DE LA FUENTE, ROQUE ""ROCKY""",206-Oatman,0,,,
630,630,10,0,0,0,0,0,0,DEM,PRESIDENT OF THE UNITED STATES,"DE LA FUENTE, ROQUE ""ROCKY""",207-Desert Hills,0,,,
631,631,10,0,0,1,1,0,0,DEM,PRESIDENT OF THE UNITED STATES,"DE LA FUENTE, ROQUE ""ROCKY""",208-Meadview,0,,,
632,632,10,0,0,0,0,0,0,DEM,PRESIDENT OF THE UNITED STATES,"DE LA FUENTE, ROQUE ""ROCKY""",209-Dolan Springs,0,,,
633,633,10,0,1,8,2,6,0,DEM,PRESIDENT OF THE UNITED STATES,"DE LA FUENTE, ROQUE ""ROCKY""",210-Golden Valley,0,,,
634,634,10,0,1,12,5,7,0,DEM,PRESIDENT OF THE UNITED STATES,"DE LA FUENTE, ROQUE ""ROCKY""",211-Bullhead City,0,,,
635,635,10,0,1,2,0,2,0,DEM,PRESIDENT OF THE UNITED STATES,"DE LA FUENTE, ROQUE ""ROCKY""",212-Mohave Valley,0,,,
636,636,10,0,1,2,0,2,0,DEM,PRESIDENT OF THE UNITED STATES,"DE LA FUENTE, ROQUE ""ROCKY""",213-Hackberry,0,,,
637,637,10,0,1,0,0,0,0,DEM,PRESIDENT OF THE UNITED STATES,"DE LA FUENTE, ROQUE ""ROCKY""",214-Truxton,0,,,
638,638,10,0,1,7,6,1,0,DEM,PRESIDENT OF THE UNITED STATES,"DE LA FUENTE, ROQUE ""ROCKY""",215-Kingman Central,0,,,
639,639,10,0,1,3,1,2,0,DEM,PRESIDENT OF THE UNITED STATES,"DE LA FUENTE, ROQUE ""ROCKY""",216-Kingman North,0,,,
640,640,10,0,1,4,3,1,0,DEM,PRESIDENT OF THE UNITED STATES,"DE LA FUENTE, ROQUE ""ROCKY""",217-Kingman South,0,,,
641,641,10,0,1,4,2,1,1,DEM,PRESIDENT OF THE UNITED STATES,"DE LA FUENTE, ROQUE ""ROCKY""",218-Kingman East,0,,,
642,642,10,0,1,8,2,6,0,DEM,PRESIDENT OF THE UNITED STATES,"DE LA FUENTE, ROQUE ""ROCKY""",219-Lake Havasu N.,0,,,
643,643,10,0,2,21,1,18,2,DEM,PRESIDENT OF THE UNITED STATES,"DE LA FUENTE, ROQUE ""ROCKY""",220-Lake Havasu S.,0,,,
644,644,10,0,2,1,0,1,0,DEM,PRESIDENT OF THE UNITED STATES,"DE LA FUENTE, ROQUE ""ROCKY""",221-Littlefield,0,,,
645,645,10,0,2,1,0,1,0,DEM,PRESIDENT OF THE UNITED STATES,"DE LA FUENTE, ROQUE ""ROCKY""",222-Golden Shores,0,,,
646,646,10,0,2,1,0,1,0,DEM,PRESIDENT OF THE UNITED STATES,"DE LA FUENTE, ROQUE ""ROCKY""",223-Moccasin,0,,,
647,647,10,0,2,0,0,0,0,DEM,PRESIDENT OF THE UNITED STATES,"DE LA FUENTE, ROQUE ""ROCKY""",224-Peach Springs,0,,,
648,648,10,0,0,0,0,0,0,DEM,PRESIDENT OF THE UNITED STATES,"STEINBERG, MICHAEL",201-Wikieup,0,,,
649,649,10,0,0,0,0,0,0,DEM,PRESIDENT OF THE UNITED STATES,"STEINBERG, MICHAEL",202-White Hills,0,,,
650,650,10,0,0,0,0,0,0,DEM,PRESIDENT OF THE UNITED STATES,"STEINBERG, MICHAEL",203-Yucca,0,,,
651,651,10,0,0,1,0,1,0,DEM,PRESIDENT OF THE UNITED STATES,"STEINBERG, MICHAEL",204-Chloride,0,,,
652,652,10,0,0,0,0,0,0,DEM,PRESIDENT OF THE UNITED STATES,"STEINBERG, MICHAEL",205-North Canyon,0,,,
653,653,10,0,0,0,0,0,0,DEM,PRESIDENT OF THE UNITED STATES,"STEINBERG, MICHAEL",206-Oatman,0,,,
654,654,10,0,0,1,0,1,0,DEM,PRESIDENT OF THE UNITED STATES,"STEINBERG, MICHAEL",207-Desert Hills,0,,,
655,655,10,0,0,0,0,0,0,DEM,PRESIDENT OF THE UNITED STATES,"STEINBERG, MICHAEL",208-Meadview,0,,,
656,656,10,0,0,3,1,2,0,DEM,PRESIDENT OF THE UNITED STATES,"STEINBERG, MICHAEL",209-Dolan Springs,0,,,
657,657,10,0,1,5,0,3,2,DEM,PRESIDENT OF THE UNITED STATES,"STEINBERG, MICHAEL",210-Golden Valley,0,,,
658,658,10,0,1,22,5,17,0,DEM,PRESIDENT OF THE UNITED STATES,"STEINBERG, MICHAEL",211-Bullhead City,0,,,
659,659,10,0,1,14,8,6,0,DEM,PRESIDENT OF THE UNITED STATES,"STEINBERG, MICHAEL",212-Mohave Valley,0,,,
660,660,10,0,1,2,1,1,0,DEM,PRESIDENT OF THE UNITED STATES,"STEINBERG, MICHAEL",213-Hackberry,0,,,
661,661,10,0,1,0,0,0,0,DEM,PRESIDENT OF THE UNITED STATES,"STEINBERG, MICHAEL",214-Truxton,0,,,
662,662,10,0,1,5,1,4,0,DEM,PRESIDENT OF THE UNITED STATES,"STEINBERG, MICHAEL",215-Kingman Central,0,,,
663,663,10,0,1,14,2,11,1,DEM,PRESIDENT OF THE UNITED STATES,"STEINBERG, MICHAEL",216-Kingman North,0,,,
664,664,10,0,1,8,2,6,0,DEM,PRESIDENT OF THE UNITED STATES,"STEINBERG, MICHAEL",217-Kingman South,0,,,
665,665,10,0,1,8,3,5,0,DEM,PRESIDENT OF THE UNITED STATES,"STEINBERG, MICHAEL",218-Kingman East,0,,,
666,666,10,0,1,5,1,4,0,DEM,PRESIDENT OF THE UNITED STATES,"STEINBERG, MICHAEL",219-Lake Havasu N.,0,,,
667,667,10,0,2,19,3,16,0,DEM,PRESIDENT OF THE UNITED STATES,"STEINBERG, MICHAEL",220-Lake Havasu S.,0,,,
668,668,10,0,2,0,0,0,0,DEM,PRESIDENT OF THE UNITED STATES,"STEINBERG, MICHAEL",221-Littlefield,0,,,
669,669,10,0,2,1,1,0,0,DEM,PRESIDENT OF THE UNITED STATES,"STEINBERG, MICHAEL",222-Golden Shores,0,,,
670,670,10,0,2,1,0,1,0,DEM,PRESIDENT OF THE UNITED STATES,"STEINBERG, MICHAEL",223-Moccasin,0,,,
671,671,10,0,2,0,0,0,0,DEM,PRESIDENT OF THE UNITED STATES,"STEINBERG, MICHAEL",224-Peach Springs,0,,,
672,672,10,0,0,2,0,2,0,DEM,PRESIDENT OF THE UNITED STATES,"SANDERS, BERNIE",201-Wikieup,0,,,
673,673,10,0,0,7,1,6,0,DEM,PRESIDENT OF THE UNITED STATES,"SANDERS, BERNIE",202-White Hills,0,,,
674,674,10,0,0,24,4,18,2,DEM,PRESIDENT OF THE UNITED STATES,"SANDERS, BERNIE",203-Yucca,0,,,
675,675,10,0,0,26,5,21,0,DEM,PRESIDENT OF THE UNITED STATES,"SANDERS, BERNIE",204-Chloride,0,,,
676,676,10,0,0,6,4,2,0,DEM,PRESIDENT OF THE UNITED STATES,"SANDERS, BERNIE",205-North Canyon,0,,,
677,677,10,0,0,7,1,6,0,DEM,PRESIDENT OF THE UNITED STATES,"SANDERS, BERNIE",206-Oatman,0,,,
678,678,10,0,0,43,17,26,0,DEM,PRESIDENT OF THE UNITED STATES,"SANDERS, BERNIE",207-Desert Hills,0,,,
679,679,10,0,0,45,12,32,1,DEM,PRESIDENT OF THE UNITED STATES,"SANDERS, BERNIE",208-Meadview,0,,,
680,680,10,0,0,55,15,37,3,DEM,PRESIDENT OF THE UNITED STATES,"SANDERS, BERNIE",209-Dolan Springs,0,,,
681,681,10,0,1,172,54,113,5,DEM,PRESIDENT OF THE UNITED STATES,"SANDERS, BERNIE",210-Golden Valley,0,,,
682,682,10,0,1,563,167,369,27,DEM,PRESIDENT OF THE UNITED STATES,"SANDERS, BERNIE",211-Bullhead City,0,,,
683,683,10,0,1,343,136,198,9,DEM,PRESIDENT OF THE UNITED STATES,"SANDERS, BERNIE",212-Mohave Valley,0,,,
684,684,10,0,1,53,15,35,3,DEM,PRESIDENT OF THE UNITED STATES,"SANDERS, BERNIE",213-Hackberry,0,,,
685,685,10,0,1,13,4,2,7,DEM,PRESIDENT OF THE UNITED STATES,"SANDERS, BERNIE",214-Truxton,0,,,
686,686,10,0,1,185,64,109,12,DEM,PRESIDENT OF THE UNITED STATES,"SANDERS, BERNIE",215-Kingman Central,0,,,
687,687,10,0,1,199,61,131,7,DEM,PRESIDENT OF THE UNITED STATES,"SANDERS, BERNIE",216-Kingman North,0,,,
688,688,10,0,1,229,74,149,6,DEM,PRESIDENT OF THE UNITED STATES,"SANDERS, BERNIE",217-Kingman South,0,,,
689,689,10,0,1,255,83,166,6,DEM,PRESIDENT OF THE UNITED STATES,"SANDERS, BERNIE",218-Kingman East,0,,,
690,690,10,0,1,287,84,197,6,DEM,PRESIDENT OF THE UNITED STATES,"SANDERS, BERNIE",219-Lake Havasu N.,0,,,
691,691,10,0,2,658,218,415,25,DEM,PRESIDENT OF THE UNITED STATES,"SANDERS, BERNIE",220-Lake Havasu S.,0,,,
692,692,10,0,2,37,19,17,1,DEM,PRESIDENT OF THE UNITED STATES,"SANDERS, BERNIE",221-Littlefield,0,,,
693,693,10,0,2,36,14,18,4,DEM,PRESIDENT OF THE UNITED STATES,"SANDERS, BERNIE",222-Golden Shores,0,,,
694,694,10,0,2,1,0,0,1,DEM,PRESIDENT OF THE UNITED STATES,"SANDERS, BERNIE",223-Moccasin,0,,,
695,695,10,0,2,12,7,4,1,DEM,PRESIDENT OF THE UNITED STATES,"SANDERS, BERNIE",224-Peach Springs,0,,,
696,696,10,0,0,0,0,0,0,DEM,PRESIDENT OF THE UNITED STATES,"O'MALLEY, MARTIN J.",201-Wikieup,0,,,
697,697,10,0,0,1,0,1,0,DEM,PRESIDENT OF THE UNITED STATES,"O'MALLEY, MARTIN J.",202-White Hills,0,,,
698,698,10,0,0,0,0,0,0,DEM,PRESIDENT OF THE UNITED STATES,"O'MALLEY, MARTIN J.",203-Yucca,0,,,
699,699,10,0,0,0,0,0,0,DEM,PRESIDENT OF THE UNITED STATES,"O'MALLEY, MARTIN J.",204-Chloride,0,,,
700,700,10,0,0,0,0,0,0,DEM,PRESIDENT OF THE UNITED STATES,"O'MALLEY, MARTIN J.",205-North Canyon,0,,,
701,701,10,0,0,0,0,0,0,DEM,PRESIDENT OF THE UNITED STATES,"O'MALLEY, MARTIN J.",206-Oatman,0,,,
702,702,10,0,0,3,1,2,0,DEM,PRESIDENT OF THE UNITED STATES,"O'MALLEY, MARTIN J.",207-Desert Hills,0,,,
703,703,10,0,0,0,0,0,0,DEM,PRESIDENT OF THE UNITED STATES,"O'MALLEY, MARTIN J.",208-Meadview,0,,,
704,704,10,0,0,2,1,1,0,DEM,PRESIDENT OF THE UNITED STATES,"O'MALLEY, MARTIN J.",209-Dolan Springs,0,,,
705,705,10,0,1,7,3,4,0,DEM,PRESIDENT OF THE UNITED STATES,"O'MALLEY, MARTIN J.",210-Golden Valley,0,,,
706,706,10,0,1,27,2,25,0,DEM,PRESIDENT OF THE UNITED STATES,"O'MALLEY, MARTIN J.",211-Bullhead City,0,,,
707,707,10,0,1,18,4,14,0,DEM,PRESIDENT OF THE UNITED STATES,"O'MALLEY, MARTIN J.",212-Mohave Valley,0,,,
708,708,10,0,1,1,0,1,0,DEM,PRESIDENT OF THE UNITED STATES,"O'MALLEY, MARTIN J.",213-Hackberry,0,,,
709,709,10,0,1,0,0,0,0,DEM,PRESIDENT OF THE UNITED STATES,"O'MALLEY, MARTIN J.",214-Truxton,0,,,
710,710,10,0,1,9,0,9,0,DEM,PRESIDENT OF THE UNITED STATES,"O'MALLEY, MARTIN J.",215-Kingman Central,0,,,
711,711,10,0,1,17,6,11,0,DEM,PRESIDENT OF THE UNITED STATES,"O'MALLEY, MARTIN J.",216-Kingman North,0,,,
712,712,10,0,1,17,5,12,0,DEM,PRESIDENT OF THE UNITED STATES,"O'MALLEY, MARTIN J.",217-Kingman South,0,,,
713,713,10,0,1,19,7,12,0,DEM,PRESIDENT OF THE UNITED STATES,"O'MALLEY, MARTIN J.",218-Kingman East,0,,,
714,714,10,0,1,11,3,7,1,DEM,PRESIDENT OF THE UNITED STATES,"O'MALLEY, MARTIN J.",219-Lake Havasu N.,0,,,
715,715,10,0,2,22,3,19,0,DEM,PRESIDENT OF THE UNITED STATES,"O'MALLEY, MARTIN J.",220-Lake Havasu S.,0,,,
716,716,10,0,2,0,0,0,0,DEM,PRESIDENT OF THE UNITED STATES,"O'MALLEY, MARTIN J.",221-Littlefield,0,,,
717,717,10,0,2,5,2,1,2,DEM,PRESIDENT OF THE UNITED STATES,"O'MALLEY, MARTIN J.",222-Golden Shores,0,,,
718,718,10,0,2,0,0,0,0,DEM,PRESIDENT OF THE UNITED STATES,"O'MALLEY, MARTIN J.",223-Moccasin,0,,,
719,719,10,0,2,0,0,0,0,DEM,PRESIDENT OF THE UNITED STATES,"O'MALLEY, MARTIN J.",224-Peach Springs,0,,,
720,720,10,0,0,3,0,3,0,DEM,PRESIDENT OF THE UNITED STATES,"CLINTON, HILLARY",201-Wikieup,0,,,
721,721,10,0,0,6,0,6,0,DEM,PRESIDENT OF THE UNITED STATES,"CLINTON, HILLARY",202-White Hills,0,,,
722,722,10,0,0,16,6,10,0,DEM,PRESIDENT OF THE UNITED STATES,"CLINTON, HILLARY",203-Yucca,0,,,
723,723,10,0,0,17,2,14,1,DEM,PRESIDENT OF THE UNITED STATES,"CLINTON, HILLARY",204-Chloride,0,,,
724,724,10,0,0,1,0,1,0,DEM,PRESIDENT OF THE UNITED STATES,"CLINTON, HILLARY",205-North Canyon,0,,,
725,725,10,0,0,4,2,2,0,DEM,PRESIDENT OF THE UNITED STATES,"CLINTON, HILLARY",206-Oatman,0,,,
726,726,10,0,0,64,12,51,1,DEM,PRESIDENT OF THE UNITED STATES,"CLINTON, HILLARY",207-Desert Hills,0,,,
727,727,10,0,0,53,13,38,2,DEM,PRESIDENT OF THE UNITED STATES,"CLINTON, HILLARY",208-Meadview,0,,,
728,728,10,0,0,52,11,39,2,DEM,PRESIDENT OF THE UNITED STATES,"CLINTON, HILLARY",209-Dolan Springs,0,,,
729,729,10,0,1,221,47,173,1,DEM,PRESIDENT OF THE UNITED STATES,"CLINTON, HILLARY",210-Golden Valley,0,,,
730,730,10,0,1,1040,185,831,24,DEM,PRESIDENT OF THE UNITED STATES,"CLINTON, HILLARY",211-Bullhead City,0,,,
731,731,10,0,1,516,109,397,10,DEM,PRESIDENT OF THE UNITED STATES,"CLINTON, HILLARY",212-Mohave Valley,0,,,
732,732,10,0,1,54,14,37,3,DEM,PRESIDENT OF THE UNITED STATES,"CLINTON, HILLARY",213-Hackberry,0,,,
733,733,10,0,1,8,5,1,2,DEM,PRESIDENT OF THE UNITED STATES,"CLINTON, HILLARY",214-Truxton,0,,,
734,734,10,0,1,216,41,167,8,DEM,PRESIDENT OF THE UNITED STATES,"CLINTON, HILLARY",215-Kingman Central,0,,,
735,735,10,0,1,265,60,199,6,DEM,PRESIDENT OF THE UNITED STATES,"CLINTON, HILLARY",216-Kingman North,0,,,
736,736,10,0,1,319,102,214,3,DEM,PRESIDENT OF THE UNITED STATES,"CLINTON, HILLARY",217-Kingman South,0,,,
737,737,10,0,1,313,66,243,4,DEM,PRESIDENT OF THE UNITED STATES,"CLINTON, HILLARY",218-Kingman East,0,,,
738,738,10,0,1,387,75,306,6,DEM,PRESIDENT OF THE UNITED STATES,"CLINTON, HILLARY",219-Lake Havasu N.,0,,,
739,739,10,0,2,944,191,737,16,DEM,PRESIDENT OF THE UNITED STATES,"CLINTON, HILLARY",220-Lake Havasu S.,0,,,
740,740,10,0,2,30,9,20,1,DEM,PRESIDENT OF THE UNITED STATES,"CLINTON, HILLARY",221-Littlefield,0,,,
741,741,10,0,2,72,22,45,5,DEM,PRESIDENT OF THE UNITED STATES,"CLINTON, HILLARY",222-Golden Shores,0,,,
742,742,10,0,2,2,0,2,0,DEM,PRESIDENT OF THE UNITED STATES,"CLINTON, HILLARY",223-Moccasin,0,,,
743,743,10,0,2,18,5,13,0,DEM,PRESIDENT OF THE UNITED STATES,"CLINTON, HILLARY",224-Peach Springs,0,,,
744,744,10,0,0,0,0,0,0,DEM,PRESIDENT OF THE UNITED STATES,"HEWES, HENRY",201-Wikieup,0,,,
745,745,10,0,0,0,0,0,0,DEM,PRESIDENT OF THE UNITED STATES,"HEWES, HENRY",202-White Hills,0,,,
746,746,10,0,0,2,1,1,0,DEM,PRESIDENT OF THE UNITED STATES,"HEWES, HENRY",203-Yucca,0,,,
747,747,10,0,0,0,0,0,0,DEM,PRESIDENT OF THE UNITED STATES,"HEWES, HENRY",204-Chloride,0,,,
748,748,10,0,0,1,1,0,0,DEM,PRESIDENT OF THE UNITED STATES,"HEWES, HENRY",205-North Canyon,0,,,
749,749,10,0,0,0,0,0,0,DEM,PRESIDENT OF THE UNITED STATES,"HEWES, HENRY",206-Oatman,0,,,
750,750,10,0,0,1,1,0,0,DEM,PRESIDENT OF THE UNITED STATES,"HEWES, HENRY",207-Desert Hills,0,,,
751,751,10,0,0,2,0,2,0,DEM,PRESIDENT OF THE UNITED STATES,"HEWES, HENRY",208-Meadview,0,,,
752,752,10,0,0,0,0,0,0,DEM,PRESIDENT OF THE UNITED STATES,"HEWES, HENRY",209-Dolan Springs,0,,,
753,753,10,0,1,3,1,2,0,DEM,PRESIDENT OF THE UNITED STATES,"HEWES, HENRY",210-Golden Valley,0,,,
754,754,10,0,1,6,1,5,0,DEM,PRESIDENT OF THE UNITED STATES,"HEWES, HENRY",211-Bullhead City,0,,,
755,755,10,0,1,8,5,3,0,DEM,PRESIDENT OF THE UNITED STATES,"HEWES, HENRY",212-Mohave Valley,0,,,
756,756,10,0,1,0,0,0,0,DEM,PRESIDENT OF THE UNITED STATES,"HEWES, HENRY",213-Hackberry,0,,,
757,757,10,0,1,0,0,0,0,DEM,PRESIDENT OF THE UNITED STATES,"HEWES, HENRY",214-Truxton,0,,,
758,758,10,0,1,6,1,5,0,DEM,PRESIDENT OF THE UNITED STATES,"HEWES, HENRY",215-Kingman Central,0,,,
759,759,10,0,1,8,3,5,0,DEM,PRESIDENT OF THE UNITED STATES,"HEWES, HENRY",216-Kingman North,0,,,
760,760,10,0,1,10,3,6,1,DEM,PRESIDENT OF THE UNITED STATES,"HEWES, HENRY",217-Kingman South,0,,,
761,761,10,0,1,4,1,3,0,DEM,PRESIDENT OF THE UNITED STATES,"HEWES, HENRY",218-Kingman East,0,,,
762,762,10,0,1,3,0,3,0,DEM,PRESIDENT OF THE UNITED STATES,"HEWES, HENRY",219-Lake Havasu N.,0,,,
763,763,10,0,2,7,1,6,0,DEM,PRESIDENT OF THE UNITED STATES,"HEWES, HENRY",220-Lake Havasu S.,0,,,
764,764,10,0,2,1,0,1,0,DEM,PRESIDENT OF THE UNITED STATES,"HEWES, HENRY",221-Littlefield,0,,,
765,765,10,0,2,4,1,3,0,DEM,PRESIDENT OF THE UNITED STATES,"HEWES, HENRY",222-Golden Shores,0,,,
766,766,10,0,2,0,0,0,0,DEM,PRESIDENT OF THE UNITED STATES,"HEWES, HENRY",223-Moccasin,0,,,
767,767,10,0,2,0,0,0,0,DEM,PRESIDENT OF THE UNITED STATES,"HEWES, HENRY",224-Peach Springs,0,,,
768,768,10,0,0,0,0,0,0,DEM,PRESIDENT OF THE UNITED STATES,OVER VOTES,201-Wikieup,0,,,
769,769,10,0,0,0,0,0,0,DEM,PRESIDENT OF THE UNITED STATES,OVER VOTES,202-White Hills,0,,,
770,770,10,0,0,0,0,0,0,DEM,PRESIDENT OF THE UNITED STATES,OVER VOTES,203-Yucca,0,,,
771,771,10,0,0,0,0,0,0,DEM,PRESIDENT OF THE UNITED STATES,OVER VOTES,204-Chloride,0,,,
772,772,10,0,0,0,0,0,0,DEM,PRESIDENT OF THE UNITED STATES,OVER VOTES,205-North Canyon,0,,,
773,773,10,0,0,0,0,0,0,DEM,PRESIDENT OF THE UNITED STATES,OVER VOTES,206-Oatman,0,,,
774,774,10,0,0,0,0,0,0,DEM,PRESIDENT OF THE UNITED STATES,OVER VOTES,207-Desert Hills,0,,,
775,775,10,0,0,0,0,0,0,DEM,PRESIDENT OF THE UNITED STATES,OVER VOTES,208-Meadview,0,,,
776,776,10,0,0,0,0,0,0,DEM,PRESIDENT OF THE UNITED STATES,OVER VOTES,209-Dolan Springs,0,,,
777,777,10,0,1,2,1,1,0,DEM,PRESIDENT OF THE UNITED STATES,OVER VOTES,210-Golden Valley,0,,,
778,778,10,0,1,2,1,1,0,DEM,PRESIDENT OF THE UNITED STATES,OVER VOTES,211-Bullhead City,0,,,
779,779,10,0,1,1,0,0,1,DEM,PRESIDENT OF THE UNITED STATES,OVER VOTES,212-Mohave Valley,0,,,
780,780,10,0,1,0,0,0,0,DEM,PRESIDENT OF THE UNITED STATES,OVER VOTES,213-Hackberry,0,,,
781,781,10,0,1,0,0,0,0,DEM,PRESIDENT OF THE UNITED STATES,OVER VOTES,214-Truxton,0,,,
782,782,10,0,1,0,0,0,0,DEM,PRESIDENT OF THE UNITED STATES,OVER VOTES,215-Kingman Central,0,,,
783,783,10,0,1,3,0,3,0,DEM,PRESIDENT OF THE UNITED STATES,OVER VOTES,216-Kingman North,0,,,
784,784,10,0,1,0,0,0,0,DEM,PRESIDENT OF THE UNITED STATES,OVER VOTES,217-Kingman South,0,,,
785,785,10,0,1,0,0,0,0,DEM,PRESIDENT OF THE UNITED STATES,OVER VOTES,218-Kingman East,0,,,
786,786,10,0,1,0,0,0,0,DEM,PRESIDENT OF THE UNITED STATES,OVER VOTES,219-Lake Havasu N.,0,,,
787,787,10,0,2,3,2,1,0,DEM,PRESIDENT OF THE UNITED STATES,OVER VOTES,220-Lake Havasu S.,0,,,
788,788,10,0,2,0,0,0,0,DEM,PRESIDENT OF THE UNITED STATES,OVER VOTES,221-Littlefield,0,,,
789,789,10,0,2,0,0,0,0,DEM,PRESIDENT OF THE UNITED STATES,OVER VOTES,222-Golden Shores,0,,,
790,790,10,0,2,0,0,0,0,DEM,PRESIDENT OF THE UNITED STATES,OVER VOTES,223-Moccasin,0,,,
791,791,10,0,2,0,0,0,0,DEM,PRESIDENT OF THE UNITED STATES,OVER VOTES,224-Peach Springs,0,,,
792,792,10,0,0,0,0,0,0,DEM,PRESIDENT OF THE UNITED STATES,UNDER VOTES,201-Wikieup,0,,,
793,793,10,0,0,0,0,0,0,DEM,PRESIDENT OF THE UNITED STATES,UNDER VOTES,202-White Hills,0,,,
794,794,10,0,0,0,0,0,0,DEM,PRESIDENT OF THE UNITED STATES,UNDER VOTES,203-Yucca,0,,,
795,795,10,0,0,0,0,0,0,DEM,PRESIDENT OF THE UNITED STATES,UNDER VOTES,204-Chloride,0,,,
796,796,10,0,0,0,0,0,0,DEM,PRESIDENT OF THE UNITED STATES,UNDER VOTES,205-North Canyon,0,,,
797,797,10,0,0,1,0,1,0,DEM,PRESIDENT OF THE UNITED STATES,UNDER VOTES,206-Oatman,0,,,
798,798,10,0,0,0,0,0,0,DEM,PRESIDENT OF THE UNITED STATES,UNDER VOTES,207-Desert Hills,0,,,
799,799,10,0,0,2,1,1,0,DEM,PRESIDENT OF THE UNITED STATES,UNDER VOTES,208-Meadview,0,,,
800,800,10,0,0,1,0,1,0,DEM,PRESIDENT OF THE UNITED STATES,UNDER VOTES,209-Dolan Springs,0,,,
801,801,10,0,1,4,1,1,2,DEM,PRESIDENT OF THE UNITED STATES,UNDER VOTES,210-Golden Valley,0,,,
802,802,10,0,1,24,4,19,1,DEM,PRESIDENT OF THE UNITED STATES,UNDER VOTES,211-Bullhead City,0,,,
803,803,10,0,1,9,2,7,0,DEM,PRESIDENT OF THE UNITED STATES,UNDER VOTES,212-Mohave Valley,0,,,
804,804,10,0,1,3,0,2,1,DEM,PRESIDENT OF THE UNITED STATES,UNDER VOTES,213-Hackberry,0,,,
805,805,10,0,1,0,0,0,0,DEM,PRESIDENT OF THE UNITED STATES,UNDER VOTES,214-Truxton,0,,,
806,806,10,0,1,2,1,1,0,DEM,PRESIDENT OF THE UNITED STATES,UNDER VOTES,215-Kingman Central,0,,,
807,807,10,0,1,8,2,5,1,DEM,PRESIDENT OF THE UNITED STATES,UNDER VOTES,216-Kingman North,0,,,
808,808,10,0,1,14,2,12,0,DEM,PRESIDENT OF THE UNITED STATES,UNDER VOTES,217-Kingman South,0,,,
809,809,10,0,1,13,5,8,0,DEM,PRESIDENT OF THE UNITED STATES,UNDER VOTES,218-Kingman East,0,,,
810,810,10,0,1,10,3,7,0,DEM,PRESIDENT OF THE UNITED STATES,UNDER VOTES,219-Lake Havasu N.,0,,,
811,811,10,0,2,26,7,19,0,DEM,PRESIDENT OF THE UNITED STATES,UNDER VOTES,220-Lake Havasu S.,0,,,
812,812,10,0,2,0,0,0,0,DEM,PRESIDENT OF THE UNITED STATES,UNDER VOTES,221-Littlefield,0,,,
813,813,10,0,2,0,0,0,0,DEM,PRESIDENT OF THE UNITED STATES,UNDER VOTES,222-Golden Shores,0,,,
814,814,10,0,2,0,0,0,0,DEM,PRESIDENT OF THE UNITED STATES,UNDER VOTES,223-Moccasin,0,,,
815,815,10,0,2,0,0,0,0,DEM,PRESIDENT OF THE UNITED STATES,UNDER VOTES,224-Peach Springs,0,,,
816,816,10,0,0,0,0,0,0,GRN,PRESIDENT OF THE UNITED STATES,"MESPLAY, KENT",201-Wikieup,0,,,
817,817,10,0,0,0,0,0,0,GRN,PRESIDENT OF THE UNITED STATES,"MESPLAY, KENT",202-White Hills,0,,,
818,818,10,0,0,0,0,0,0,GRN,PRESIDENT OF THE UNITED STATES,"MESPLAY, KENT",203-Yucca,0,,,
819,819,10,0,0,0,0,0,0,GRN,PRESIDENT OF THE UNITED STATES,"MESPLAY, KENT",204-Chloride,0,,,
820,820,10,0,0,0,0,0,0,GRN,PRESIDENT OF THE UNITED STATES,"MESPLAY, KENT",205-North Canyon,0,,,
821,821,10,0,0,0,0,0,0,GRN,PRESIDENT OF THE UNITED STATES,"MESPLAY, KENT",206-Oatman,0,,,
822,822,10,0,0,0,0,0,0,GRN,PRESIDENT OF THE UNITED STATES,"MESPLAY, KENT",207-Desert Hills,0,,,
823,823,10,0,0,0,0,0,0,GRN,PRESIDENT OF THE UNITED STATES,"MESPLAY, KENT",208-Meadview,0,,,
824,824,10,0,0,0,0,0,0,GRN,PRESIDENT OF THE UNITED STATES,"MESPLAY, KENT",209-Dolan Springs,0,,,
825,825,10,0,1,0,0,0,0,GRN,PRESIDENT OF THE UNITED STATES,"MESPLAY, KENT",210-Golden Valley,0,,,
826,826,10,0,1,0,0,0,0,GRN,PRESIDENT OF THE UNITED STATES,"MESPLAY, KENT",211-Bullhead City,0,,,
827,827,10,0,1,0,0,0,0,GRN,PRESIDENT OF THE UNITED STATES,"MESPLAY, KENT",212-Mohave Valley,0,,,
828,828,10,0,1,0,0,0,0,GRN,PRESIDENT OF THE UNITED STATES,"MESPLAY, KENT",213-Hackberry,0,,,
829,829,10,0,1,0,0,0,0,GRN,PRESIDENT OF THE UNITED STATES,"MESPLAY, KENT",214-Truxton,0,,,
830,830,10,0,1,0,0,0,0,GRN,PRESIDENT OF THE UNITED STATES,"MESPLAY, KENT",215-Kingman Central,0,,,
831,831,10,0,1,0,0,0,0,GRN,PRESIDENT OF THE UNITED STATES,"MESPLAY, KENT",216-Kingman North,0,,,
832,832,10,0,1,1,1,0,0,GRN,PRESIDENT OF THE UNITED STATES,"MESPLAY, KENT",217-Kingman South,0,,,
833,833,10,0,1,0,0,0,0,GRN,PRESIDENT OF THE UNITED STATES,"MESPLAY, KENT",218-Kingman East,0,,,
834,834,10,0,1,0,0,0,0,GRN,PRESIDENT OF THE UNITED STATES,"MESPLAY, KENT",219-Lake Havasu N.,0,,,
835,835,10,0,2,0,0,0,0,GRN,PRESIDENT OF THE UNITED STATES,"MESPLAY, KENT",220-Lake Havasu S.,0,,,
836,836,10,0,2,0,0,0,0,GRN,PRESIDENT OF THE UNITED STATES,"MESPLAY, KENT",221-Littlefield,0,,,
837,837,10,0,2,0,0,0,0,GRN,PRESIDENT OF THE UNITED STATES,"MESPLAY, KENT",222-Golden Shores,0,,,
838,838,10,0,2,0,0,0,0,GRN,PRESIDENT OF THE UNITED STATES,"MESPLAY, KENT",223-Moccasin,0,,,
839,839,10,0,2,0,0,0,0,GRN,PRESIDENT OF THE UNITED STATES,"MESPLAY, KENT",224-Peach Springs,0,,,
840,840,10,0,0,0,0,0,0,GRN,PRESIDENT OF THE UNITED STATES,"STEIN, JILL",201-Wikieup,0,,,
841,841,10,0,0,0,0,0,0,GRN,PRESIDENT OF THE UNITED STATES,"STEIN, JILL",202-White Hills,0,,,
842,842,10,0,0,0,0,0,0,GRN,PRESIDENT OF THE UNITED STATES,"STEIN, JILL",203-Yucca,0,,,
843,843,10,0,0,1,0,1,0,GRN,PRESIDENT OF THE UNITED STATES,"STEIN, JILL",204-Chloride,0,,,
844,844,10,0,0,0,0,0,0,GRN,PRESIDENT OF THE UNITED STATES,"STEIN, JILL",205-North Canyon,0,,,
845,845,10,0,0,0,0,0,0,GRN,PRESIDENT OF THE UNITED STATES,"STEIN, JILL",206-Oatman,0,,,
846,846,10,0,0,0,0,0,0,GRN,PRESIDENT OF THE UNITED STATES,"STEIN, JILL",207-Desert Hills,0,,,
847,847,10,0,0,1,0,1,0,GRN,PRESIDENT OF THE UNITED STATES,"STEIN, JILL",208-Meadview,0,,,
848,848,10,0,0,0,0,0,0,GRN,PRESIDENT OF THE UNITED STATES,"STEIN, JILL",209-Dolan Springs,0,,,
849,849,10,0,1,0,0,0,0,GRN,PRESIDENT OF THE UNITED STATES,"STEIN, JILL",210-Golden Valley,0,,,
850,850,10,0,1,0,0,0,0,GRN,PRESIDENT OF THE UNITED STATES,"STEIN, JILL",211-Bullhead City,0,,,
851,851,10,0,1,0,0,0,0,GRN,PRESIDENT OF THE UNITED STATES,"STEIN, JILL",212-Mohave Valley,0,,,
852,852,10,0,1,0,0,0,0,GRN,PRESIDENT OF THE UNITED STATES,"STEIN, JILL",213-Hackberry,0,,,
853,853,10,0,1,0,0,0,0,GRN,PRESIDENT OF THE UNITED STATES,"STEIN, JILL",214-Truxton,0,,,
854,854,10,0,1,0,0,0,0,GRN,PRESIDENT OF THE UNITED STATES,"STEIN, JILL",215-Kingman Central,0,,,
855,855,10,0,1,0,0,0,0,GRN,PRESIDENT OF THE UNITED STATES,"STEIN, JILL",216-Kingman North,0,,,
856,856,10,0,1,2,1,0,1,GRN,PRESIDENT OF THE UNITED STATES,"STEIN, JILL",217-Kingman South,0,,,
857,857,10,0,1,3,1,2,0,GRN,PRESIDENT OF THE UNITED STATES,"STEIN, JILL",218-Kingman East,0,,,
858,858,10,0,1,0,0,0,0,GRN,PRESIDENT OF THE UNITED STATES,"STEIN, JILL",219-Lake Havasu N.,0,,,
859,859,10,0,2,3,1,2,0,GRN,PRESIDENT OF THE UNITED STATES,"STEIN, JILL",220-Lake Havasu S.,0,,,
860,860,10,0,2,0,0,0,0,GRN,PRESIDENT OF THE UNITED STATES,"STEIN, JILL",221-Littlefield,0,,,
861,861,10,0,2,1,0,0,1,GRN,PRESIDENT OF THE UNITED STATES,"STEIN, JILL",222-Golden Shores,0,,,
862,862,10,0,2,0,0,0,0,GRN,PRESIDENT OF THE UNITED STATES,"STEIN, JILL",223-Moccasin,0,,,
863,863,10,0,2,0,0,0,0,GRN,PRESIDENT OF THE UNITED STATES,"STEIN, JILL",224-Peach Springs,0,,,
864,864,10,0,0,0,0,0,0,GRN,PRESIDENT OF THE UNITED STATES,OVER VOTES,201-Wikieup,0,,,
865,865,10,0,0,0,0,0,0,GRN,PRESIDENT OF THE UNITED STATES,OVER VOTES,202-White Hills,0,,,
866,866,10,0,0,0,0,0,0,GRN,PRESIDENT OF THE UNITED STATES,OVER VOTES,203-Yucca,0,,,
867,867,10,0,0,0,0,0,0,GRN,PRESIDENT OF THE UNITED STATES,OVER VOTES,204-Chloride,0,,,
868,868,10,0,0,0,0,0,0,GRN,PRESIDENT OF THE UNITED STATES,OVER VOTES,205-North Canyon,0,,,
869,869,10,0,0,0,0,0,0,GRN,PRESIDENT OF THE UNITED STATES,OVER VOTES,206-Oatman,0,,,
870,870,10,0,0,0,0,0,0,GRN,PRESIDENT OF THE UNITED STATES,OVER VOTES,207-Desert Hills,0,,,
871,871,10,0,0,0,0,0,0,GRN,PRESIDENT OF THE UNITED STATES,OVER VOTES,208-Meadview,0,,,
872,872,10,0,0,0,0,0,0,GRN,PRESIDENT OF THE UNITED STATES,OVER VOTES,209-Dolan Springs,0,,,
873,873,10,0,1,0,0,0,0,GRN,PRESIDENT OF THE UNITED STATES,OVER VOTES,210-Golden Valley,0,,,
874,874,10,0,1,0,0,0,0,GRN,PRESIDENT OF THE UNITED STATES,OVER VOTES,211-Bullhead City,0,,,
875,875,10,0,1,0,0,0,0,GRN,PRESIDENT OF THE UNITED STATES,OVER VOTES,212-Mohave Valley,0,,,
876,876,10,0,1,0,0,0,0,GRN,PRESIDENT OF THE UNITED STATES,OVER VOTES,213-Hackberry,0,,,
877,877,10,0,1,0,0,0,0,GRN,PRESIDENT OF THE UNITED STATES,OVER VOTES,214-Truxton,0,,,
878,878,10,0,1,0,0,0,0,GRN,PRESIDENT OF THE UNITED STATES,OVER VOTES,215-Kingman Central,0,,,
879,879,10,0,1,0,0,0,0,GRN,PRESIDENT OF THE UNITED STATES,OVER VOTES,216-Kingman North,0,,,
880,880,10,0,1,0,0,0,0,GRN,PRESIDENT OF THE UNITED STATES,OVER VOTES,217-Kingman South,0,,,
881,881,10,0,1,0,0,0,0,GRN,PRESIDENT OF THE UNITED STATES,OVER VOTES,218-Kingman East,0,,,
882,882,10,0,1,0,0,0,0,GRN,PRESIDENT OF THE UNITED STATES,OVER VOTES,219-Lake Havasu N.,0,,,
883,883,10,0,2,0,0,0,0,GRN,PRESIDENT OF THE UNITED STATES,OVER VOTES,220-Lake Havasu S.,0,,,
884,884,10,0,2,0,0,0,0,GRN,PRESIDENT OF THE UNITED STATES,OVER VOTES,221-Littlefield,0,,,
885,885,10,0,2,0,0,0,0,GRN,PRESIDENT OF THE UNITED STATES,OVER VOTES,222-Golden Shores,0,,,
886,886,10,0,2,0,0,0,0,GRN,PRESIDENT OF THE UNITED STATES,OVER VOTES,223-Moccasin,0,,,
887,887,10,0,2,0,0,0,0,GRN,PRESIDENT OF THE UNITED STATES,OVER VOTES,224-Peach Springs,0,,,
888,888,10,0,0,0,0,0,0,GRN,PRESIDENT OF THE UNITED STATES,UNDER VOTES,201-Wikieup,0,,,
889,889,10,0,0,0,0,0,0,GRN,PRESIDENT OF THE UNITED STATES,UNDER VOTES,202-White Hills,0,,,
890,890,10,0,0,0,0,0,0,GRN,PRESIDENT OF THE UNITED STATES,UNDER VOTES,203-Yucca,0,,,
891,891,10,0,0,0,0,0,0,GRN,PRESIDENT OF THE UNITED STATES,UNDER VOTES,204-Chloride,0,,,
892,892,10,0,0,0,0,0,0,GRN,PRESIDENT OF THE UNITED STATES,UNDER VOTES,205-North Canyon,0,,,
893,893,10,0,0,0,0,0,0,GRN,PRESIDENT OF THE UNITED STATES,UNDER VOTES,206-Oatman,0,,,
894,894,10,0,0,0,0,0,0,GRN,PRESIDENT OF THE UNITED STATES,UNDER VOTES,207-Desert Hills,0,,,
895,895,10,0,0,0,0,0,0,GRN,PRESIDENT OF THE UNITED STATES,UNDER VOTES,208-Meadview,0,,,
896,896,10,0,0,0,0,0,0,GRN,PRESIDENT OF THE UNITED STATES,UNDER VOTES,209-Dolan Springs,0,,,
897,897,10,0,1,0,0,0,0,GRN,PRESIDENT OF THE UNITED STATES,UNDER VOTES,210-Golden Valley,0,,,
898,898,10,0,1,1,1,0,0,GRN,PRESIDENT OF THE UNITED STATES,UNDER VOTES,211-Bullhead City,0,,,
899,899,10,0,1,0,0,0,0,GRN,PRESIDENT OF THE UNITED STATES,UNDER VOTES,212-Mohave Valley,0,,,
900,900,10,0,1,0,0,0,0,GRN,PRESIDENT OF THE UNITED STATES,UNDER VOTES,213-Hackberry,0,,,
901,901,10,0,1,0,0,0,0,GRN,PRESIDENT OF THE UNITED STATES,UNDER VOTES,214-Truxton,0,,,
902,902,10,0,1,0,0,0,0,GRN,PRESIDENT OF THE UNITED STATES,UNDER VOTES,215-Kingman Central,0,,,
903,903,10,0,1,0,0,0,0,GRN,PRESIDENT OF THE UNITED STATES,UNDER VOTES,216-Kingman North,0,,,
904,904,10,0,1,0,0,0,0,GRN,PRESIDENT OF THE UNITED STATES,UNDER VOTES,217-Kingman South,0,,,
905,905,10,0,1,0,0,0,0,GRN,PRESIDENT OF THE UNITED STATES,UNDER VOTES,218-Kingman East,0,,,
906,906,10,0,1,0,0,0,0,GRN,PRESIDENT OF THE UNITED STATES,UNDER VOTES,219-Lake Havasu N.,0,,,
907,907,10,0,2,0,0,0,0,GRN,PRESIDENT OF THE UNITED STATES,UNDER VOTES,220-Lake Havasu S.,0,,,
908,908,10,0,2,0,0,0,0,GRN,PRESIDENT OF THE UNITED STATES,UNDER VOTES,221-Littlefield,0,,,
909,909,10,0,2,0,0,0,0,GRN,PRESIDENT OF THE UNITED STATES,UNDER VOTES,222-Golden Shores,0,,,
910,910,10,0,2,0,0,0,0,GRN,PRESIDENT OF THE UNITED STATES,UNDER VOTES,223-Moccasin,0,,,
911,911,10,0,2,0,0,0,0,GRN,PRESIDENT OF THE UNITED STATES,UNDER VOTES,224-Peach Springs,0,,,
