precinct,gen_con_TRUMP,gen_dem_CLINTON,gen_grn_STEIN,gen_ind_JOHNSON,gen_lib_JOHNSON,gen_rep_TRUMP,gen_wep_CLINTON,gen_wor_CLINTON
"ALBANY=""100ALBANYW12ED4""",3,235,9,7,2,45,1,1
"ALBANY=""101ALBANYW12ED5""",8,265,11,7,10,103,10,13
"ALBANY=""102ALBANYW12ED6""",5,253,10,1,2,77,2,5
"ALBANY=""103ALBANYW12ED7""",0,2,0,0,0,0,0,0
"ALBANY=""104ALBANYW12ED8""",6,349,13,15,3,80,6,18
"ALBANY=""105ALBANYW13ED1""",3,110,4,5,2,24,0,2
"ALBANY=""106ALBANYW13ED2""",5,246,7,5,4,72,2,14
"ALBANY=""107ALBANYW13ED3""",8,299,14,5,7,52,3,17
"ALBANY=""108ALBANYW13ED4""",6,240,13,8,7,82,6,23
"ALBANY=""109ALBANYW13ED5""",9,269,15,4,5,63,7,19
"ALBANY=""10ALBANYW1ED10""",1,29,0,0,0,4,0,0
"ALBANY=""110ALBANYW13ED6""",7,283,12,6,7,61,7,10
"ALBANY=""111ALBANYW13ED7""",0,17,1,0,0,3,0,0
"ALBANY=""112ALBANYW14ED1""",10,208,3,4,1,86,4,11
"ALBANY=""113ALBANYW14ED2""",21,470,11,17,7,151,5,19
"ALBANY=""114ALBANYW14ED3""",7,314,5,7,2,94,4,14
"ALBANY=""115ALBANYW14ED4""",14,314,6,4,4,93,5,31
"ALBANY=""116ALBANYW14ED5""",8,322,10,10,7,74,5,27
"ALBANY=""117ALBANYW14ED6""",9,338,10,13,4,79,7,20
"ALBANY=""118ALBANYW14ED7""",10,362,14,5,6,58,5,22
"ALBANY=""119ALBANYW14ED8""",6,221,8,1,6,45,3,9
"ALBANY=""11ALBANYW2ED1""",3,306,5,2,2,24,2,3
"ALBANY=""120ALBANYW14ED9""",0,41,2,0,0,6,1,3
"ALBANY=""121ALBANYW15ED1""",1,393,7,2,4,60,0,2
"ALBANY=""122ALBANYW15ED2""",0,16,0,0,0,2,0,0
"ALBANY=""123ALBANYW15ED3""",5,138,0,4,2,49,2,9
"ALBANY=""124ALBANYW15ED4""",5,210,4,2,3,73,1,7
"ALBANY=""125ALBANYW15ED5""",10,262,9,6,1,127,2,7
"ALBANY=""126ALBANYW15ED6""",2,112,4,2,2,42,0,7
"ALBANY=""127ALBANYW15ED7""",6,249,9,12,10,118,8,6
"ALBANY=""128COHOESW1ED1""",15,139,7,4,3,87,0,0
"ALBANY=""129COHOESW1ED2""",11,183,10,3,6,102,1,7
"ALBANY=""12ALBANYW2ED2""",1,152,8,0,0,9,2,5
"ALBANY=""130COHOESW1ED3""",12,151,6,14,6,106,3,7
"ALBANY=""131COHOESW2ED1""",9,170,3,4,5,61,2,9
"ALBANY=""132COHOESW2ED2""",8,151,4,8,2,119,2,10
"ALBANY=""133COHOESW2ED3""",3,33,4,2,1,42,0,2
"ALBANY=""134COHOESW2ED4""",1,1,1,0,1,2,0,0
"ALBANY=""135COHOESW2ED5""",0,0,0,0,0,0,0,0
"ALBANY=""136COHOESW2ED6""",3,73,1,0,1,21,0,1
"ALBANY=""137COHOESW3ED1""",6,113,4,7,2,122,2,2
"ALBANY=""138COHOESW3ED2""",8,129,9,4,0,84,1,4
"ALBANY=""139COHOESW3ED3""",11,125,2,4,3,96,2,2
"ALBANY=""13ALBANYW2ED3""",0,145,2,1,0,3,2,3
"ALBANY=""140COHOESW3ED4""",3,15,0,0,1,18,0,4
"ALBANY=""141COHOESW4ED1""",11,85,3,7,2,94,1,4
"ALBANY=""142COHOESW4ED2""",25,256,6,10,1,170,2,9
"ALBANY=""143COHOESW4ED3""",3,59,1,3,1,37,1,2
"ALBANY=""144COHOESW4ED4""",35,266,11,15,14,236,3,13
"ALBANY=""145COHOESW5ED1""",10,105,3,10,1,90,2,1
"ALBANY=""146COHOESW5ED2""",16,229,8,22,3,192,3,5
"ALBANY=""147COHOESW5ED3""",8,121,3,7,3,112,1,3
"ALBANY=""148COHOESW5ED4""",20,152,3,12,2,138,3,3
"ALBANY=""149COHOESW5ED5""",5,69,3,7,0,42,0,5
"ALBANY=""14ALBANYW2ED4""",3,328,8,3,1,36,2,6
"ALBANY=""150COHOESW6ED1""",10,228,5,7,3,114,2,9
"ALBANY=""151COHOESW6ED2""",6,111,3,8,3,90,2,5
"ALBANY=""152COHOESW6ED3""",13,124,3,7,5,124,1,4
"ALBANY=""153COHOESW6ED4""",10,151,4,7,7,110,1,6
"ALBANY=""154WATERVLIETW1ED1""",27,233,9,17,8,121,3,7
"ALBANY=""155WATERVLIETW1ED2""",12,157,8,6,5,106,1,2
"ALBANY=""156WATERVLIETW1ED3""",14,115,4,11,4,99,1,3
"ALBANY=""157WATERVLIETW2ED1""",7,143,4,5,4,96,2,3
"ALBANY=""158WATERVLIETW2ED2""",9,120,3,3,3,83,1,1
"ALBANY=""159WATERVLIETW2ED3""",2,88,0,1,0,46,0,1
"ALBANY=""15ALBANYW2ED5""",1,223,8,2,3,23,1,12
"ALBANY=""160WATERVLIETW3ED1""",7,82,3,1,0,74,0,2
"ALBANY=""161WATERVLIETW3ED2""",6,105,4,3,1,101,1,2
"ALBANY=""162WATERVLIETW3ED3""",12,165,7,11,4,120,3,5
"ALBANY=""163WATERVLIETW4ED1""",12,131,3,7,5,116,3,3
"ALBANY=""164WATERVLIETW4ED2""",17,91,3,6,0,69,3,6
"ALBANY=""165WATERVLIETW4ED3""",13,167,6,4,2,98,1,2
"ALBANY=""166WATERVLIETW4ED4""",9,178,6,9,7,133,4,0
"ALBANY=""167BERNEED1""",46,173,12,18,5,224,3,8
"ALBANY=""168BERNEED2""",47,288,20,23,17,316,10,16
"ALBANY=""169BERNEED3""",35,109,5,11,2,141,2,6
"ALBANY=""16ALBANYW2ED6""",1,169,33,5,3,22,4,35
"ALBANY=""170BETHLEHEMED1""",19,372,10,25,4,204,6,15
"ALBANY=""171BETHLEHEMED2""",26,635,4,13,10,253,5,18
"ALBANY=""172BETHLEHEMED3""",10,286,8,14,9,121,4,11
"ALBANY=""173BETHLEHEMED4""",17,446,6,19,12,103,7,22
"ALBANY=""174BETHLEHEMED5""",20,426,11,19,11,246,10,11
"ALBANY=""175BETHLEHEMED6""",31,540,20,19,15,240,5,25
"ALBANY=""176BETHLEHEMED7""",12,381,9,11,2,131,8,27
"ALBANY=""177BETHLEHEMED8""",17,446,15,11,5,160,10,32
"ALBANY=""178BETHLEHEMED9""",18,318,9,14,6,138,5,19
"ALBANY=""179BETHLEHEMED10""",7,262,6,9,5,112,3,11
"ALBANY=""17ALBANYW2ED7""",0,3,0,0,0,0,0,1
"ALBANY=""180BETHLEHEMED11""",24,402,17,23,8,167,12,34
"ALBANY=""181BETHLEHEMED12""",37,428,18,20,12,123,10,32
"ALBANY=""182BETHLEHEMED13""",15,436,7,12,15,162,8,25
"ALBANY=""183BETHLEHEMED14""",23,432,3,10,10,75,9,29
"ALBANY=""184BETHLEHEMED15""",25,473,5,6,9,134,3,26
"ALBANY=""185BETHLEHEMED16""",17,240,7,9,13,135,2,15
"ALBANY=""186BETHLEHEMED17""",30,394,18,19,8,254,4,11
"ALBANY=""187BETHLEHEMED18""",44,199,14,13,5,243,4,11
"ALBANY=""188BETHLEHEMED19""",17,382,7,12,8,189,6,19
"ALBANY=""189BETHLEHEMED20""",26,376,14,12,9,215,7,11
"ALBANY=""18ALBANYW2ED8""",1,62,0,0,0,2,1,1
"ALBANY=""190BETHLEHEMED21""",38,373,13,18,6,292,6,9
"ALBANY=""191BETHLEHEMED22""",28,303,6,9,5,165,5,9
"ALBANY=""192BETHLEHEMED23""",30,629,14,31,8,262,4,25
"ALBANY=""193BETHLEHEMED24""",36,547,17,28,17,268,5,17
"ALBANY=""194BETHLEHEMED25""",22,507,14,10,10,173,14,37
"ALBANY=""195BETHLEHEMED26""",24,582,11,28,17,213,10,33
"ALBANY=""196BETHLEHEMED27""",26,264,12,10,10,173,4,6
"ALBANY=""197BETHLEHEMED28""",55,310,8,29,10,292,4,12
"ALBANY=""198BETHLEHEMED29""",10,147,3,7,6,116,2,8
"ALBANY=""199BETHLEHEMED30""",9,126,8,6,4,111,4,4
"ALBANY=""19ALBANYW2ED9""",1,208,5,0,0,8,3,1
"ALBANY=""1ALBANYW1ED1""",2,39,2,5,1,22,0,2
"ALBANY=""200COEYMANSED1""",22,123,4,13,2,117,2,5
"ALBANY=""201COEYMANSED2""",52,234,11,18,5,248,7,14
"ALBANY=""202COEYMANSED3""",85,421,14,28,10,409,8,19
"ALBANY=""203COEYMANSED4""",36,129,6,13,6,208,3,9
"ALBANY=""204COEYMANSED5""",46,161,4,19,9,298,7,3
"ALBANY=""205COEYMANSED6""",59,155,10,14,3,266,3,13
"ALBANY=""206COLONIEED1""",16,426,20,16,11,152,5,12
"ALBANY=""207COLONIEED2""",32,425,10,24,9,199,4,18
"ALBANY=""208COLONIEED3""",13,320,16,19,8,144,3,10
"ALBANY=""209COLONIEED4""",32,436,14,20,11,247,8,16
"ALBANY=""20ALBANYW2ED10""",0,0,0,0,0,0,0,0
"ALBANY=""210COLONIEED5""",15,252,12,13,12,170,9,11
"ALBANY=""211COLONIEED6""",27,405,14,18,9,280,4,13
"ALBANY=""212COLONIEED7""",17,357,8,17,10,278,6,7
"ALBANY=""213COLONIEED8""",24,301,7,21,5,256,4,14
"ALBANY=""214COLONIEED9""",12,291,15,19,4,212,2,8
"ALBANY=""215COLONIEED10""",12,227,8,10,5,178,1,13
"ALBANY=""216COLONIEED11""",36,389,11,14,10,297,8,13
"ALBANY=""217COLONIEED12""",28,240,5,8,3,261,1,6
"ALBANY=""218COLONIEED13""",30,470,6,14,7,275,6,19
"ALBANY=""219COLONIEED14""",21,328,6,17,2,213,2,13
"ALBANY=""21ALBANYW3ED1""",5,262,12,2,8,36,5,13
"ALBANY=""220COLONIEED15""",21,379,13,11,5,199,2,13
"ALBANY=""221COLONIEED16""",22,333,11,13,6,246,3,12
"ALBANY=""222COLONIEED17""",23,218,6,13,1,191,5,11
"ALBANY=""223COLONIEED18""",29,379,10,18,8,329,6,7
"ALBANY=""224COLONIEED19""",27,236,6,22,6,233,6,10
"ALBANY=""225COLONIEED20""",13,227,3,12,7,176,2,14
"ALBANY=""226COLONIEED21""",46,425,8,15,8,267,10,12
"ALBANY=""227COLONIEED22""",21,361,6,12,12,284,7,9
"ALBANY=""228COLONIEED23""",28,300,5,12,2,253,3,10
"ALBANY=""229COLONIEED24""",36,315,11,15,10,302,5,10
"ALBANY=""22ALBANYW3ED2""",0,6,0,0,0,2,0,0
"ALBANY=""230COLONIEED25""",20,339,8,14,8,234,5,5
"ALBANY=""231COLONIEED26""",35,384,9,19,14,396,3,14
"ALBANY=""232COLONIEED27""",29,231,7,7,5,268,6,11
"ALBANY=""233COLONIEED28""",38,410,17,35,17,370,4,13
"ALBANY=""234COLONIEED29""",25,227,6,9,10,246,3,14
"ALBANY=""235COLONIEED30""",37,378,13,13,7,342,5,12
"ALBANY=""236COLONIEED31""",34,501,11,21,7,294,4,18
"ALBANY=""237COLONIEED32""",19,199,3,8,8,160,2,10
"ALBANY=""238COLONIEED33""",12,196,6,7,8,147,3,6
"ALBANY=""239COLONIEED34""",52,480,14,22,7,394,10,8
"ALBANY=""23ALBANYW3ED3""",0,10,1,2,1,4,0,3
"ALBANY=""240COLONIEED35""",33,380,11,11,11,296,2,14
"ALBANY=""241COLONIEED36""",37,437,5,38,11,360,4,16
"ALBANY=""242COLONIEED37""",20,311,4,15,5,183,3,9
"ALBANY=""243COLONIEED38""",21,255,8,14,4,201,7,9
"ALBANY=""244COLONIEED39""",24,346,10,27,7,251,2,12
"ALBANY=""245COLONIEED40""",30,318,8,11,10,234,4,6
"ALBANY=""246COLONIEED41""",33,619,12,18,17,286,7,17
"ALBANY=""247COLONIEED42""",28,395,12,20,5,297,6,15
"ALBANY=""248COLONIEED43""",28,361,10,14,10,263,8,16
"ALBANY=""249COLONIEED44""",31,405,16,16,14,234,4,21
"ALBANY=""24ALBANYW3ED4""",3,175,4,0,3,10,0,2
"ALBANY=""250COLONIEED45""",21,289,11,15,9,182,7,14
"ALBANY=""251COLONIEED46""",42,426,15,13,9,292,7,14
"ALBANY=""252COLONIEED47""",25,204,7,7,3,150,1,9
"ALBANY=""253COLONIEED48""",31,417,9,29,15,379,6,14
"ALBANY=""254COLONIEED49""",21,257,7,12,8,198,6,11
"ALBANY=""255COLONIEED50""",30,316,16,20,7,257,5,9
"ALBANY=""256COLONIEED51""",57,464,6,34,8,400,3,13
"ALBANY=""257COLONIEED52""",37,374,13,18,4,249,7,12
"ALBANY=""258COLONIEED53""",35,346,12,17,12,224,3,10
"ALBANY=""259COLONIEED54""",20,350,8,15,9,237,4,8
"ALBANY=""25ALBANYW3ED5""",0,127,3,0,1,15,0,3
"ALBANY=""260COLONIEED55""",18,330,11,21,11,250,9,16
"ALBANY=""261COLONIEED56""",17,271,5,14,3,229,1,6
"ALBANY=""262COLONIEED57""",18,333,12,6,12,267,3,7
"ALBANY=""263COLONIEED58""",28,301,10,14,4,224,6,12
"ALBANY=""264COLONIEED59""",38,340,13,25,14,343,7,9
"ALBANY=""265COLONIEED60""",23,202,8,4,2,236,2,7
"ALBANY=""266COLONIEED61""",19,267,7,13,10,187,7,7
"ALBANY=""267GREENISLANDED1""",14,190,1,9,3,109,2,11
"ALBANY=""268GREENISLANDED2""",2,100,6,9,5,71,0,2
"ALBANY=""269GREENISLANDED3""",7,92,3,4,2,56,0,4
"ALBANY=""26ALBANYW3ED6""",2,118,4,1,0,0,1,4
"ALBANY=""270GREENISLANDED4""",7,170,7,8,2,91,1,7
"ALBANY=""271GUILDERLANDED1""",0,1,0,0,0,0,0,0
"ALBANY=""272GUILDERLANDED2""",2,123,1,1,1,31,1,0
"ALBANY=""273GUILDERLANDED3""",23,341,10,18,4,110,5,21
"ALBANY=""274GUILDERLANDED4""",22,503,18,13,16,257,6,33
"ALBANY=""275GUILDERLANDED5""",13,245,6,15,5,140,5,10
"ALBANY=""276GUILDERLANDED6""",29,303,13,12,8,193,12,9
"ALBANY=""277GUILDERLANDED7""",33,473,9,14,9,284,10,18
"ALBANY=""278GUILDERLANDED8""",14,361,3,18,6,149,1,10
"ALBANY=""279GUILDERLANDED9""",13,329,11,13,10,196,8,16
"ALBANY=""27ALBANYW3ED7""",1,248,3,3,1,26,3,5
"ALBANY=""280GUILDERLANDED10""",22,431,14,17,13,210,4,15
"ALBANY=""281GUILDERLANDED11""",23,464,16,17,11,260,9,11
"ALBANY=""282GUILDERLANDED12""",42,445,10,27,10,305,5,15
"ALBANY=""283GUILDERLANDED13""",19,378,8,11,6,203,7,7
"ALBANY=""284GUILDERLANDED14""",31,484,16,22,10,203,5,19
"ALBANY=""285GUILDERLANDED15""",22,352,8,12,6,217,6,15
"ALBANY=""286GUILDERLANDED16""",38,277,5,16,7,307,3,11
"ALBANY=""287GUILDERLANDED17""",26,407,8,21,12,271,3,13
"ALBANY=""288GUILDERLANDED18""",58,416,10,20,10,319,5,15
"ALBANY=""289GUILDERLANDED19""",28,293,8,14,5,201,4,19
"ALBANY=""28ALBANYW3ED8""",0,116,3,0,0,10,0,3
"ALBANY=""290GUILDERLANDED20""",23,248,9,16,8,173,6,9
"ALBANY=""291GUILDERLANDED21""",17,334,12,12,6,145,9,10
"ALBANY=""292GUILDERLANDED22""",54,476,15,31,11,332,6,23
"ALBANY=""293GUILDERLANDED23""",27,210,10,13,10,166,2,11
"ALBANY=""294GUILDERLANDED24""",30,331,12,30,9,269,7,16
"ALBANY=""295GUILDERLANDED25""",35,269,5,12,7,217,5,15
"ALBANY=""296GUILDERLANDED26""",52,268,15,22,11,265,11,13
"ALBANY=""297GUILDERLANDED27""",11,105,7,7,4,102,2,5
"ALBANY=""298GUILDERLANDED28""",43,420,13,19,10,304,9,17
"ALBANY=""299GUILDERLANDED29""",33,360,13,16,14,215,6,23
"ALBANY=""29ALBANYW3ED9""",0,42,2,3,1,11,1,2
"ALBANY=""2ALBANYW1ED2""",4,194,9,1,2,51,4,20
"ALBANY=""300GUILDERLANDED30""",20,193,9,20,7,127,5,19
"ALBANY=""301KNOXED1""",40,172,10,10,3,242,2,19
"ALBANY=""302KNOXED2""",59,256,9,23,10,301,6,9
"ALBANY=""303KNOXED3""",28,94,5,9,8,177,1,12
"ALBANY=""304NEWSCOTLANDED1""",56,396,16,15,21,325,15,27
"ALBANY=""305NEWSCOTLANDED2""",31,212,3,15,9,248,7,9
"ALBANY=""306NEWSCOTLANDED3""",21,99,3,9,4,191,3,8
"ALBANY=""307NEWSCOTLANDED4""",34,243,12,19,5,236,7,13
"ALBANY=""308NEWSCOTLANDED5""",31,344,5,20,15,247,9,12
"ALBANY=""309NEWSCOTLANDED6""",18,275,6,18,7,151,5,9
"ALBANY=""30ALBANYW3ED10""",4,192,3,0,1,6,1,6
"ALBANY=""310NEWSCOTLANDED7""",52,380,16,24,13,282,7,20
"ALBANY=""311NEWSCOTLANDED8""",46,443,12,16,14,302,8,19
"ALBANY=""312RENSSELAERVILLEED1""",38,146,5,14,6,139,4,12
"ALBANY=""313RENSSELAERVILLEED2""",43,75,3,5,3,168,4,7
"ALBANY=""314RENSSELAERVILLEED3""",46,77,6,16,7,176,6,12
"ALBANY=""315WESTERLOED1""",68,186,20,15,9,335,2,6
"ALBANY=""316WESTERLOED2""",41,164,7,17,4,295,3,5
"ALBANY=""317WESTERLOED3""",52,120,10,8,5,340,2,13
"ALBANY=""31ALBANYW4ED1""",1,200,2,0,1,2,1,4
"ALBANY=""32ALBANYW4ED2""",0,91,0,1,1,3,2,2
"ALBANY=""33ALBANYW4ED3""",7,267,5,3,2,35,1,7
"ALBANY=""34ALBANYW4ED4""",7,424,5,4,2,61,5,14
"ALBANY=""35ALBANYW4ED5""",7,326,8,10,3,143,2,5
"ALBANY=""36ALBANYW4ED6""",0,176,0,1,0,4,1,7
"ALBANY=""37ALBANYW5ED1""",3,216,1,1,1,4,1,3
"ALBANY=""38ALBANYW5ED2""",0,137,3,0,1,8,0,2
"ALBANY=""39ALBANYW5ED3""",0,192,0,2,0,8,0,2
"ALBANY=""3ALBANYW1ED3""",8,294,3,6,3,69,3,14
"ALBANY=""40ALBANYW5ED4""",1,80,1,3,0,5,0,1
"ALBANY=""41ALBANYW5ED5""",0,435,8,1,0,29,1,3
"ALBANY=""42ALBANYW5ED6""",4,225,2,1,0,31,1,1
"ALBANY=""43ALBANYW5ED7""",1,210,6,1,2,23,1,6
"ALBANY=""44ALBANYW6ED1""",1,113,2,1,2,22,0,3
"ALBANY=""45ALBANYW6ED2""",5,143,13,1,3,13,2,11
"ALBANY=""46ALBANYW6ED3""",2,243,6,2,8,30,4,29
"ALBANY=""47ALBANYW6ED4""",3,418,22,3,14,47,3,34
"ALBANY=""48ALBANYW6ED5""",4,428,19,13,19,37,8,39
"ALBANY=""49ALBANYW6ED6""",1,243,24,6,4,27,4,9
"ALBANY=""4ALBANYW1ED4""",7,325,9,3,4,47,7,10
"ALBANY=""50ALBANYW6ED7""",0,16,1,0,0,4,0,0
"ALBANY=""51ALBANYW6ED8""",5,318,15,13,0,35,3,27
"ALBANY=""52ALBANYW7ED1""",7,241,13,6,6,31,1,17
"ALBANY=""53ALBANYW7ED2""",0,5,1,0,0,2,0,0
"ALBANY=""54ALBANYW7ED3""",4,263,17,7,2,55,4,21
"ALBANY=""55ALBANYW7ED4""",3,227,11,2,2,17,2,13
"ALBANY=""56ALBANYW7ED5""",2,308,23,3,2,42,3,24
"ALBANY=""57ALBANYW7ED6""",1,77,1,0,1,13,0,5
"ALBANY=""58ALBANYW7ED7""",2,202,13,0,3,22,4,12
"ALBANY=""59ALBANYW7ED8""",1,170,14,4,3,25,5,17
"ALBANY=""5ALBANYW1ED5""",0,6,0,1,0,0,0,0
"ALBANY=""60ALBANYW8ED1""",10,285,7,6,2,133,5,7
"ALBANY=""61ALBANYW8ED2""",6,285,11,7,5,132,3,16
"ALBANY=""62ALBANYW8ED3""",4,87,4,6,3,42,1,3
"ALBANY=""63ALBANYW8ED4""",10,418,11,8,8,118,4,18
"ALBANY=""64ALBANYW8ED5""",9,333,7,2,2,97,5,12
"ALBANY=""65ALBANYW8ED6""",18,415,18,8,3,152,6,18
"ALBANY=""66ALBANYW8ED7""",14,293,8,3,4,79,8,12
"ALBANY=""67ALBANYW8ED8""",18,301,5,7,5,113,6,23
"ALBANY=""68ALBANYW8ED9""",6,96,6,3,1,48,1,10
"ALBANY=""69ALBANYW9ED1""",1,246,18,4,3,44,3,18
"ALBANY=""6ALBANYW1ED6""",2,311,8,2,1,27,0,6
"ALBANY=""70ALBANYW9ED2""",9,128,5,4,1,30,1,10
"ALBANY=""71ALBANYW9ED3""",4,122,5,9,3,28,0,6
"ALBANY=""72ALBANYW9ED4""",8,211,5,9,5,56,5,9
"ALBANY=""73ALBANYW9ED5""",8,317,11,7,8,82,5,32
"ALBANY=""74ALBANYW9ED6""",9,278,13,6,7,68,5,18
"ALBANY=""75ALBANYW9ED7""",16,323,11,7,7,87,3,34
"ALBANY=""76ALBANYW9ED8""",6,244,17,4,6,65,4,19
"ALBANY=""77ALBANYW9ED9""",0,48,0,5,1,8,0,0
"ALBANY=""78ALBANYW10ED1""",0,76,4,2,4,9,2,15
"ALBANY=""79ALBANYW10ED2""",1,137,9,4,1,26,1,6
"ALBANY=""7ALBANYW1ED7""",6,302,10,3,0,26,1,10
"ALBANY=""80ALBANYW10ED3""",2,172,6,3,6,27,2,21
"ALBANY=""81ALBANYW10ED4""",2,115,8,1,1,16,3,11
"ALBANY=""82ALBANYW10ED5""",1,92,5,4,4,18,2,6
"ALBANY=""83ALBANYW10ED6""",3,98,3,4,3,15,3,13
"ALBANY=""84ALBANYW10ED7""",4,282,12,9,4,21,8,18
"ALBANY=""85ALBANYW10ED8""",1,160,3,5,3,36,2,9
"ALBANY=""86ALBANYW10ED9""",0,75,7,2,2,17,0,8
"ALBANY=""87ALBANYW11ED1""",0,0,0,0,0,0,0,0
"ALBANY=""88ALBANYW11ED2""",1,101,2,1,2,13,0,1
"ALBANY=""89ALBANYW11ED3""",0,165,6,1,0,13,3,5
"ALBANY=""8ALBANYW1ED8""",0,72,0,4,0,12,0,1
"ALBANY=""90ALBANYW11ED4""",0,131,5,0,1,39,2,1
"ALBANY=""91ALBANYW11ED5""",3,128,7,3,3,19,1,2
"ALBANY=""92ALBANYW11ED6""",11,426,6,6,3,63,3,14
"ALBANY=""93ALBANYW11ED7""",0,50,2,1,1,2,0,2
"ALBANY=""94ALBANYW11ED8""",2,148,3,4,2,13,2,4
"ALBANY=""95ALBANYW11ED9""",0,31,1,0,1,1,0,3
"ALBANY=""96ALBANYW11ED10""",1,22,2,0,0,4,0,1
"ALBANY=""97ALBANYW12ED1""",11,250,4,13,4,92,2,17
"ALBANY=""98ALBANYW12ED2""",13,337,7,4,1,114,7,11
"ALBANY=""99ALBANYW12ED3""",4,168,2,2,1,51,3,3
"ALBANY=""9ALBANYW1ED9""",2,272,0,5,2,38,1,8
"BRONX=""1/87""",0,68,1,0,0,2,0,0
"BRONX=""102/81""",0,0,0,0,0,0,0,0
"BRONX=""103/81""",0,0,0,0,0,0,0,0
"BRONX=""104/81""",0,18,1,0,0,4,0,0
"BRONX=""105/81""",0,0,0,0,0,0,0,0
"BRONX=""106/81""",0,0,0,0,0,0,0,0
"BRONX=""106/82""",0,0,1,0,0,1,0,0
"BRONX=""111/82""",0,0,0,0,0,0,0,0
"BRONX=""16/81""",0,0,0,0,0,0,0,0
"BRONX=""2/83""",0,95,0,0,0,5,0,0
"BRONX=""26/82""",0,0,0,0,0,0,0,0
"BRONX=""32/77""",0,73,1,1,0,1,0,0
"BRONX=""42/86""",0,9,0,0,0,1,0,0
"BRONX=""43/87""",0,0,0,0,0,1,0,0
"BRONX=""45/87""",0,55,0,0,0,17,0,0
"BRONX=""53/84""",0,0,0,0,0,0,0,0
"BRONX=""57/78""",0,0,0,0,0,0,0,0
"BRONX=""60/86""",0,40,0,0,0,0,0,0
"BRONX=""66/77""",0,56,1,0,0,3,0,0
"BRONX=""70/77""",0,0,0,0,0,0,0,0
"BRONX=""71/85""",0,0,0,0,0,0,0,0
"BRONX=""72/85""",0,0,0,0,0,0,0,0
"BRONX=""73/77""",0,0,0,0,0,0,0,0
"BRONX=""73/85""",0,0,0,0,0,0,0,0
"BRONX=""76/84""",0,43,2,0,0,5,0,0
"BRONX=""76/85""",0,0,0,0,0,0,0,0
"BRONX=""77/85""",0,0,0,0,0,0,0,0
"BRONX=""79/85""",0,0,0,0,0,0,0,0
"BRONX=""81/79""",0,0,0,0,0,0,0,0
"BRONX=""88/80""",0,0,0,0,0,0,0,0
"BRONX=""89/80""",0,0,0,0,0,0,0,0
"BRONX=""90/87""",0,0,0,0,0,0,0,0
"BRONX=""91/87""",0,0,0,0,0,0,0,0
"BRONX=""92/80""",0,0,0,0,0,0,0,0
"BRONX=""92/87""",0,0,0,0,0,0,0,0
"BRONX=""94/87""",0,0,0,0,0,0,0,0
"BRONX=""95/87""",0,0,0,0,0,0,0,0
CHENANGONORWICH CITY WARD 4,0,136,6,7,1,145,0,0
"KINGS=""107/55""",0,000,0,0,0,00,0,0
"KINGS=""109/52""",0,000,0,0,0,00,0,0
"KINGS=""12/44""",0,8770,1,0,0,42,0,0
"KINGS=""14/53""",0,210,0,0,0,61,0,0
"KINGS=""16/54""",0,2930,1,0,0,00,0,0
"KINGS=""18/54""",0,300,0,0,0,00,0,0
"KINGS=""20/57""",0,1560,1,0,0,11,0,0
"KINGS=""22/44""",0,1200,1,0,0,81,0,0
"KINGS=""23/41""",0,7220,1,0,0,55,0,0
"KINGS=""24/50""",0,1100,0,0,0,00,0,0
"KINGS=""26/54""",0,6510,1,0,0,31,0,0
"KINGS=""35/47""",0,200,0,1,0,110,0,0
"KINGS=""36/55""",0,5410,0,0,0,00,0,0
"KINGS=""39/45""",0,2310,0,0,0,242,0,0
"KINGS=""46/51""",0,1741,0,0,0,00,0,0
"KINGS=""51/55""",0,3900,0,0,0,10,0,0
"KINGS=""55/45""",0,1511,0,0,1,170,0,0
"KINGS=""56/49""",0,1800,4,0,0,110,0,0
"KINGS=""56/51""",0,1710,0,0,0,00,0,0
"KINGS=""61/55""",0,1410,0,0,0,00,0,0
"KINGS=""69/47""",0,000,0,0,0,00,0,0
"KINGS=""69/48""",0,3620,0,1,0,262,0,0
"KINGS=""7/45""",0,1600,0,0,0,182,0,0
"KINGS=""70/47""",0,000,0,0,0,00,0,0
"KINGS=""72/54""",0,5610,1,0,0,50,0,0
"KINGS=""73/55""",0,400,0,0,0,10,0,0
"KINGS=""75/51""",0,000,0,0,0,00,0,0
"KINGS=""76/45""",0,000,0,0,0,00,0,0
"KINGS=""76/46""",0,100,0,0,0,00,0,0
"KINGS=""76/51""",0,000,0,0,0,00,0,0
"KINGS=""77/45""",0,000,0,0,0,00,0,0
"KINGS=""77/51""",0,000,0,0,0,00,0,0
"KINGS=""77/59""",0,000,0,0,0,00,0,0
"KINGS=""78/51""",0,000,0,0,0,00,0,0
"KINGS=""80/59""",0,000,0,0,0,00,0,0
"KINGS=""82/53""",0,000,0,0,0,00,0,0
"KINGS=""86/41""",0,1720,2,0,0,432,0,0
"KINGS=""9/59""",0,1100,0,0,0,00,0,0
"KINGS=""93/64""",0,000,0,0,0,00,0,0
"KINGS=""95/50""",0,000,0,0,0,00,0,0
"KINGS=""95/64""",0,000,0,0,0,00,0,0
"KINGS=""96/57""",0,000,0,0,0,00,0,0
"KINGS=""97/50""",0,000,0,0,0,00,0,0
"NEW YORK=""100/68""",0,000,0,0,0,00,0,0
"NEW YORK=""101/68""",0,000,0,0,0,00,0,0
"NEW YORK=""102/67""",0,000,0,0,0,00,0,0
"NEW YORK=""102/75""",0,000,0,0,0,00,0,0
"NEW YORK=""103/67""",0,000,0,0,0,00,0,0
"NEW YORK=""103/69""",0,000,0,0,0,00,0,0
"NEW YORK=""103/75""",0,000,0,0,0,00,0,0
"NEW YORK=""104/68""",0,000,0,0,0,00,0,0
"NEW YORK=""104/69""",0,000,0,0,0,00,0,0
"NEW YORK=""105/69""",0,000,0,0,0,00,0,0
"NEW YORK=""105/75""",0,000,0,0,0,00,0,0
"NEW YORK=""106/68""",0,000,0,0,0,00,0,0
"NEW YORK=""106/69""",0,000,0,0,0,00,0,0
"NEW YORK=""107/69""",0,000,0,0,0,00,0,0
"NEW YORK=""82/72""",0,000,0,0,0,00,0,0
"NEW YORK=""83/72""",0,000,0,0,0,00,0,0
"NEW YORK=""85/72""",0,000,0,0,0,00,0,0
"NEW YORK=""90/76""",0,000,0,0,0,00,0,0
"NEW YORK=""91/76""",0,000,0,0,0,00,0,0
"NEW YORK=""92/76""",0,000,0,0,0,00,0,0
"NEW YORK=""93/75""",0,400,0,0,0,00,0,0
"NEW YORK=""94/65""",0,000,0,0,0,00,0,0
"NEW YORK=""94/66""",0,000,0,0,0,00,0,0
"NEW YORK=""94/70""",0,000,0,0,0,00,0,0
"NEW YORK=""94/71""",0,000,0,0,0,00,0,0
"NEW YORK=""94/74""",0,000,0,0,0,00,0,0
"NEW YORK=""95/66""",0,000,0,0,0,00,0,0
"NEW YORK=""95/68""",0,000,0,0,0,00,0,0
"NEW YORK=""95/71""",0,000,0,0,0,00,0,0
"NEW YORK=""95/74""",0,000,0,0,0,00,0,0
"NEW YORK=""95/76""",0,000,0,0,0,00,0,0
"NEW YORK=""96/70""",0,000,0,0,0,00,0,0
"NEW YORK=""97/74""",0,000,0,0,0,00,0,0
"NEW YORK=""97/76""",0,000,0,0,0,00,0,0
"NEW YORK=""99/68""",0,000,0,0,0,00,0,0
"QUEENS=""11/38""",0,300,0,0,0,10,0,0
"QUEENS=""12/24""",0,6120,0,0,0,163,0,0
"QUEENS=""12/40""",0,4200,2,0,0,242,0,0
"QUEENS=""20/39""",0,3210,0,0,0,51,0,0
"QUEENS=""22/23""",0,000,0,0,0,00,0,0
"QUEENS=""30/31""",0,3401,0,0,0,40,0,0
"QUEENS=""30/34""",0,2900,1,0,0,30,0,0
"QUEENS=""32/27""",0,6810,0,1,0,161,0,0
"QUEENS=""33/28""",0,900,0,0,0,90,0,0
"QUEENS=""34/28""",0,5920,0,0,0,192,0,0
"QUEENS=""36/39""",0,3700,1,0,0,190,0,0
"QUEENS=""38/24""",0,1400,0,0,0,50,0,0
"QUEENS=""39/39""",0,000,0,0,0,00,0,0
"QUEENS=""51/36""",0,5610,2,1,0,140,0,0
"QUEENS=""51/37""",0,1430,1,0,0,20,0,0
"QUEENS=""53/34""",0,6010,3,0,0,142,0,0
"QUEENS=""54/35""",0,000,0,0,0,00,0,0
"QUEENS=""57/35""",0,000,0,0,0,00,0,0
"QUEENS=""59/28""",0,5410,1,0,0,72,0,0
"QUEENS=""59/34""",0,2200,1,0,0,40,0,0
"QUEENS=""60/37""",0,4400,2,0,0,150,0,0
"QUEENS=""61/34""",0,4200,1,0,0,50,0,0
"QUEENS=""66/25""",0,4220,0,3,1,233,0,0
"QUEENS=""7/29""",0,5000,1,0,0,132,0,0
"QUEENS=""70/30""",0,000,0,0,0,00,0,0
"QUEENS=""70/37""",0,000,0,0,0,00,0,0
"QUEENS=""71/23""",0,800,0,0,0,00,0,0
"QUEENS=""71/30""",0,000,0,0,0,00,0,0
"QUEENS=""72/23""",0,000,0,0,0,00,0,0
"QUEENS=""72/30""",0,000,0,0,0,00,0,0
"QUEENS=""72/31""",0,000,0,0,0,00,0,0
"QUEENS=""73/23""",0,000,0,0,0,00,0,0
"QUEENS=""73/27""",0,000,0,0,0,00,0,0
"QUEENS=""77/31""",0,000,0,0,0,00,0,0
"QUEENS=""78/23""",0,000,0,0,0,00,0,0
"QUEENS=""79/28""",0,000,0,0,0,00,0,0
"QUEENS=""80/24""",0,000,0,0,0,00,0,0
