precinct,pri_dem_CLINTON,pri_dem_O'MAILEY,pri_dem_SANDERS,pri_dem_WILSON
ABBEVILLEEMERGENCY,0,0,0,0
AIKENEMERGENCY,0,0,0,0
ALLENDALEEMERGENCY,0,0,0,0
ALLENDALEFAILSAFE,0,0,0,0
ALLENDALEFAILSAFE PROVISIONAL,0,0,0,0
ANDERSONABSENTEE,684,1,234,4
ANDERSONEMERGENCY,0,0,0,0
ANDERSONFAILSAFE,20,0,6,0
ANDERSONFAILSAFE PROVISIONAL,20,0,18,0
ANDERSONPROVISIONAL,6,0,3,0
BAMBERGEMERGENCY,0,0,0,0
BAMBERGFAILSAFE PROVISIONAL,0,0,0,0
BARNWELLEMERGENCY,0,0,0,0
BARNWELLPROVISIONAL,0,0,0,0
BEAUFORTBLUFF 1A,72,0,55,0
BEAUFORTBLUFF 1B,14,0,27,0
BEAUFORTBLUFF 1C,49,0,61,0
BEAUFORTBLUFF 1D,65,0,49,0
BEAUFORTBLUFF 2A,29,0,25,0
BEAUFORTBLUFF 2B,48,0,62,1
BEAUFORTBLUFF 2C,106,0,57,0
BEAUFORTBLUFF 2D,80,0,63,1
BEAUFORTBLUFF 2E,96,0,52,0
BEAUFORTBLUFF 3,35,0,21,0
BEAUFORTBLUFF 4A,32,0,25,0
BEAUFORTBLUFF 4B,62,0,28,0
BEAUFORTBLUFF 4C,95,0,63,1
BEAUFORTBLUFF 4D,70,0,26,0
BEAUFORTBLUFF 5A,44,1,29,0
BEAUFORTBLUFF 5B,49,0,41,1
BEAUFORTEMERGENCY,5,0,2,0
BEAUFORTLI 1A,90,0,41,0
BEAUFORTLI 1B,121,0,27,0
BEAUFORTLI 2A,64,0,64,0
BEAUFORTLI 2B,61,0,36,0
BEAUFORTLI 2C,38,0,25,1
BEAUFORTLI 3A,53,0,30,2
BEAUFORTLI 3B,40,0,29,0
BEAUFORTLI 3C,37,0,27,1
BEAUFORTMO 1A,70,0,31,0
BEAUFORTMO 1B,55,0,42,0
BEAUFORTMO 2,52,0,36,0
BEAUFORTST. HELENA 1A,238,0,27,2
BEAUFORTST. HELENA 1B,277,0,36,1
BEAUFORTST. HELENA 1C,101,1,28,1
BEAUFORTST. HELENA 2A,159,0,19,1
BEAUFORTST. HELENA 2B,214,0,41,2
BEAUFORTST. HELENA 2C,78,1,32,0
CALHOUNEMERGENCY,0,0,0,0
CALHOUNPROVISIONAL,0,0,0,0
CHARLESTONEMERGENCY,0,0,0,0
CHEROKEEEMERGENCY,0,0,0,0
CHEROKEEFAILSAFE PROVISIONAL,0,0,0,0
CHESTEREMERGENCY,0,0,0,0
CHESTERFAILSAFE PROVISIONAL,0,0,0,0
CHESTERFIELDEMERGENCY,0,0,0,0
CHESTERFIELDFAILSAFE,0,0,0,0
CHESTERFIELDFAILSAFE PROVISIONAL,0,0,0,0
CHESTERPROVISIONAL,0,0,0,0
CLARENDONEMERGENCY,0,0,0,0
CLARENDONFAILSAFE PROVISIONAL,0,0,0,0
COLLETONEMERGENCY,1,0,1,0
COLLETONFAILSAFE,8,0,1,0
COLLETONPROVISIONAL,0,0,0,0
DILLONEMERGENCY,0,0,0,0
DILLONFAILSAFE PROVISIONAL,0,0,0,0
DILLONPROVISIONAL,0,0,0,0
EDGEFIELDEMERGENCY,0,0,0,0
EDGEFIELDFAILSAFE PROVISIONAL,0,0,0,0
EDGEFIELDPROVISIONAL,0,0,0,0
FAIRFIELDEMERGENCY,0,0,0,0
FAIRFIELDFAILSAFE PROVISIONAL,0,0,0,0
FLORENCEEMERGENCY 1,0,0,0,0
GREENVILLEABSENTEE,2469,9,724,12
GREENVILLEEMERGENCY,0,0,0,0
GREENVILLEFAILSAFE,51,0,35,0
GREENVILLEFAILSAFE/ PROVISIONAL,130,0,132,1
GREENVILLEPROVISIONAL,29,0,21,0
GREENWOODEMERGENCY,0,0,0,0
HAMPTONEMERGENCY,0,0,0,0
HORRYBROOKSVILLE,172,0,71,0
HORRYFLOYDS,80,0,56,0
HORRYNIXONS X ROADS #3,116,0,33,0
HORRYNORTON,65,0,26,0
JASPEREMERGENCY,0,0,0,0
JASPERFAILSAFE/PROVISIONAL,0,0,0,0
KERSHAWABSENTEE,873,5,173,2
KERSHAWEMERGENCY,0,0,0,0
KERSHAWFAILSAFE,30,0,12,0
KERSHAWPROVISIONAL,0,0,0,0
LANCASTERBELAIR NUMBER 2,85,0,43,0
LANCASTEREMERGENCY,0,0,0,0
LANCASTERGOOCH'S CROSS RDS,100,0,21,1
LANCASTERPLEASANT VALLEY NUMBER 2,78,0,67,0
LANCASTERWYLIE PARK,61,0,64,0
LEXINGTONBARR ROAD 1,53,0,29,0
LEXINGTONBARR ROAD 2,75,0,65,0
LEXINGTONCAYCE 2A,66,0,42,2
LEXINGTONCAYCE NO. 1,67,0,73,1
LEXINGTONCAYCE NO. 2,154,0,76,1
LEXINGTONCAYCE NO. 3,44,0,32,0
LEXINGTONCONGAREE 1,36,0,29,0
LEXINGTONCONGAREE 2,42,0,20,2
LEXINGTONEDMUND 1,48,0,23,0
LEXINGTONEDMUND 2,23,1,28,0
LEXINGTONGASTON 1,29,0,23,0
LEXINGTONGASTON 2,55,0,21,0
LEXINGTONLAKE MURRAY 1,29,0,44,1
LEXINGTONLAKE MURRAY 2,82,1,80,0
LEXINGTONLEAPHART RD,52,0,38,1
LEXINGTONLEXINGTON NO. 3,125,0,104,0
LEXINGTONLEXINGTON NO. 4,115,0,46,0
LEXINGTONMT. HEBRON,57,1,49,1
LEXINGTONOLD BARNWELL ROAD,77,1,32,0
LEXINGTONPARK ROAD 1,67,0,53,1
LEXINGTONPARK ROAD 2,23,0,30,0
LEXINGTONPELION 1,11,0,27,0
LEXINGTONPELION 2,24,1,28,0
LEXINGTONPILGRIM CHRUCH,75,1,87,0
LEXINGTONPINE RIDGE 1,38,2,36,1
LEXINGTONPINE RIDGE 2,107,0,48,2
LEXINGTONRED BANK SOUTH 1,43,0,36,0
LEXINGTONRED BANK SOUTH 2,61,0,40,0
LEXINGTONSAND HILL,55,0,23,0
LEXINGTONST. DAVIDS,108,0,83,0
LEXINGTONSWANSEA 1,130,0,29,1
LEXINGTONSWANSEA 2,111,2,22,1
LEXINGTONWEST COLUMBIA NO. 1,39,0,51,0
LEXINGTONWEST COLUMBIA NO. 2,119,0,20,1
LEXINGTONWEST COLUMBIA NO. 3,38,0,30,0
LEXINGTONWEST COLUMBIA NO. 4,66,0,49,1
MARIONEMERGENCY,0,0,0,0
MARLBOROEMERGENCY,0,0,0,0
MARLBOROFAILSAFE PROVISIONAL,0,0,0,0
MCCORMICKEMERGENCY,0,0,0,0
MCCORMICKFAILSAFE PROVISIONAL,0,0,0,0
NEWBERRYEMERGENCY,0,0,0,0
NEWBERRYFAILSAFE PROVISIONAL,2,0,2,0
OCONEEEMERGENCY,0,0,0,0
ORANGEBURGEMERGENCY,0,0,0,0
PICKENSEMERGENCY,0,0,0,0
SALUDAFAILSAFE PROVISIONAL,0,0,0,0
SALUDAPROVISIONAL,0,0,0,0
SPARTANBURGPROVISIONAL,12,0,20,0
SUMTERABSENTEE,2521,19,257,16
SUMTEREMERGENCY,0,0,0,0
SUMTERFAILSAFE,42,0,1,0
SUMTERPROVISIONAL,2,0,0,0
UNIONABSENTEE,207,0,21,1
UNIONEMERGENCY,0,0,0,0
UNIONFAILSAFE,3,0,1,0
UNIONFAILSAFE PROVISIONAL,0,0,0,0
UNIONPROVISIONAL,0,0,0,0
WILLIAMSBURGPROVISIONAL,4,0,0,0
YORKABSENTEE,889,8,348,2
YORKEMERGENCY,0,0,0,0
YORKFAILSAFE,13,0,7,0
YORKFAILSAFE PROVISIONAL,76,1,56,1
YORKPROVISIONAL,8,0,13,0
