precinct,gen_con_CASTLE,gen_dem_CLINTON,gen_grn_STEIN,gen_ind_FOX,gen_ind_FUENTE,gen_ind_HOEFLING,gen_ind_KENISTON,gen_ind_KOTLIKOFF,gen_ind_MALDONADO,gen_ind_MATUREN,gen_ind_MCMULLIN,gen_ind_MOOREHEAD,gen_ind_SCHOENKE,gen_ind_SOLTYSIK,gen_lib_JOHNSON,gen_rep_TRUMP
ADAMSCITY OF ADAMS WARD 1-4,6,329,6,0,1,0,0,0,0,0,4,2,0,0,16,379
ADAMSTOWN OF EASTON WARDS 1-2,5,169,1,0,0,0,0,0,0,0,1,0,0,0,6,334
ADAMSTOWN OF ROME WARD 1-5,8,719,13,0,0,0,0,0,0,0,0,0,0,0,33,1174
ASHLANDTOWN OF GORDON WARDS 1-2,0,49,0,0,0,2,0,0,0,0,0,0,0,0,4,94
ASHLANDTOWN OF MARENGO WARDS 1-2,0,92,5,0,1,0,0,0,0,0,3,0,0,0,8,101
ASHLANDTOWN OF MORSE WARDS 1-3,0,150,1,0,0,0,0,0,0,0,2,1,0,0,2,139
ASHLANDTOWN OF PEEKSVILLE WARDS 1-2,1,33,3,0,0,0,0,0,0,0,1,0,0,0,4,52
ASHLANDTOWN OF SANBORN WARDS 1-2,2,399,11,0,0,0,0,0,0,0,0,1,0,0,6,72
ASHLANDTOWN OF WHITE RIVER WARDS 1-2,4,128,14,0,0,0,0,0,0,0,1,0,0,0,6,308
ASHLANDVILLAGE OF BUTTERNUT WARDS 1-2,0,86,1,0,0,0,0,0,0,0,1,0,0,0,4,84
BARRONTOWN OF CHETEK WARDS 1-2,0,375,6,0,1,0,0,0,0,0,0,0,0,0,22,650
BARRONVILLAGE OF NEW AUBURN WARD 2,0,2,0,0,0,0,0,0,0,0,0,0,0,0,3,5
BARRONVILLAGE OF NEW AUBURN WARD 3,0,0,0,0,0,0,0,0,0,0,0,0,0,0,0,2
BAYFIELDCITY OF BAYFIELD WARD 1-4,0,253,12,0,0,0,0,0,0,0,0,0,0,0,8,73
BAYFIELDCITY OF WASHBURN WARD 1-4,3,792,39,0,1,0,0,0,0,0,7,2,0,0,31,327
BAYFIELDTOWN OF EILEEN WARD 1-2,0,178,5,0,0,0,0,0,0,0,0,0,0,0,11,220
BROWNCITY OF DE PERE WARD 5,1,131,3,0,0,0,0,0,0,0,0,0,0,0,6,88
BROWNCITY OF DE PERE WARDS 1-4,9,1645,30,0,0,2,0,0,0,1,4,2,0,0,136,1698
BROWNCITY OF DE PERE WARDS 13-15,12,1292,22,0,8,0,0,0,0,0,11,0,0,0,136,1712
BROWNCITY OF DE PERE WARDS 16-17,0,2,0,0,0,0,0,0,0,0,0,0,0,0,0,5
"BROWNCITY OF DE PERE WARDS 9,18",1,285,9,0,0,0,0,0,0,0,5,0,0,0,25,312
BROWNTOWN OF EATON WARDS 1-2,5,291,9,0,0,0,0,0,0,0,1,0,0,0,24,591
BROWNTOWN OF GLENMORE WARDS 1-2,4,167,3,0,1,0,0,0,0,0,1,0,0,0,22,391
BROWNTOWN OF GREEN BAY WARDS 1-3,8,363,10,0,0,0,0,0,0,0,4,1,0,0,26,800
BROWNTOWN OF HOLLAND WARDS 1-2,1,272,4,0,2,0,0,0,0,0,4,0,0,0,37,570
BROWNTOWN OF HUMBOLDT WARDS 1-2,2,222,5,0,2,0,0,0,0,0,3,0,0,0,22,488
BROWNTOWN OF LAWRENCE WARDS 1-3,6,483,10,0,0,0,0,0,0,0,8,0,0,0,44,842
BROWNTOWN OF LAWRENCE WARDS 4-6,4,507,11,0,0,0,0,0,0,0,4,0,0,0,63,1065
"BROWNTOWN OF LEDGEVIEW WARDS 1-3,8-10",6,851,14,0,1,0,0,0,0,0,7,2,0,0,100,1315
BROWNTOWN OF LEDGEVIEW WARDS 4-7,4,729,19,0,1,0,0,0,0,0,3,0,0,0,87,1154
BROWNTOWN OF MORRISON WARDS 1-2,4,173,6,0,0,0,0,0,0,0,0,2,0,0,39,653
BROWNTOWN OF NEW DENMARK WARDS 1-3,4,294,9,0,0,0,0,0,0,0,3,0,0,0,30,598
BROWNTOWN OF PITTSFIELD WARDS 1-3,3,480,10,0,0,0,0,0,0,0,5,1,0,0,64,1077
BROWNTOWN OF ROCKLAND WARDS 1-3,10,338,7,0,0,0,0,0,0,2,4,0,0,0,37,692
BROWNTOWN OF WRIGHTSTOWN WARDS 1-3,4,365,9,0,0,0,0,0,0,1,3,0,0,0,39,820
BROWNVILLAGE OF ALLOUEZ WARD 3-4,4,850,9,0,2,0,1,0,0,0,3,0,0,0,55,848
BROWNVILLAGE OF ASHWAUBENON WARDS 7-8,3,681,14,0,1,0,0,0,0,0,6,0,0,0,64,964
BROWNVILLAGE OF BELLEVUE WARDS 1-6,15,1689,36,0,1,0,0,0,0,0,2,1,0,0,137,1816
BROWNVILLAGE OF DENMARK WARDS 1-3,1,361,11,0,2,0,0,0,0,0,4,0,0,0,38,645
BROWNVILLAGE OF HOBART WARD 9,0,0,0,0,0,0,0,0,0,0,0,0,0,0,0,0
BROWNVILLAGE OF HOBART WARDS 1-8,16,1701,46,0,1,0,0,0,0,0,1,3,0,0,166,2623
BROWNVILLAGE OF HOWARD WARD 5,0,129,2,0,0,0,0,0,0,0,0,0,0,0,15,229
BROWNVILLAGE OF HOWARD WARD 7,4,239,3,0,0,0,0,0,0,0,0,0,0,0,22,406
"BROWNVILLAGE OF HOWARD WARDS 1,12",5,399,11,0,1,0,0,0,0,0,2,1,0,0,38,640
BROWNVILLAGE OF HOWARD WARDS 13-14,7,382,6,0,0,0,0,0,0,0,1,0,0,0,37,678
BROWNVILLAGE OF HOWARD WARDS 15-16,5,490,12,0,0,0,0,0,0,0,0,0,0,0,49,908
"BROWNVILLAGE OF HOWARD WARDS 2,8,11",7,944,16,0,0,0,0,0,0,0,8,1,0,0,80,1408
"BROWNVILLAGE OF HOWARD WARDS 3-4,6",1,556,22,0,0,0,0,0,0,0,0,2,0,0,54,691
"BROWNVILLAGE OF HOWARD WARDS 9-10,18",2,712,16,0,0,0,0,0,0,0,9,1,0,0,68,956
"BROWNVILLAGE OF PULASKI WARDS 1-3,6",6,523,15,0,2,0,0,0,0,1,3,3,0,0,56,912
BROWNVILLAGE OF SUAMICO WARD 5-8,10,1241,19,0,0,0,0,0,0,2,8,1,0,0,161,2515
BUFFALOCITY OF MONDOVI WARDS 1-3,5,443,9,0,0,0,0,0,0,0,2,1,0,0,35,653
CALUMETCITY OF BRILLION WARD 1-4,7,501,15,0,0,0,0,0,0,0,4,0,0,0,53,982
CALUMETCITY OF CHILTON WARD 1-5,7,633,14,0,1,0,0,0,0,0,2,1,0,0,69,1044
CALUMETCITY OF NEW HOLSTEIN WARDS 1-5,10,617,10,0,0,0,0,0,0,0,12,1,0,0,59,911
CALUMETTOWN OF CHILTON WARDS 1-3,5,149,8,0,0,0,0,0,0,0,3,1,0,0,23,449
"CALUMETTOWN OF HARRISON WARDS 7-8,10-12",7,118,2,0,0,0,0,0,0,0,4,0,0,0,20,153
CALUMETTOWN OF NEW HOLSTEIN WARDS 1-3,8,235,6,0,1,0,0,0,0,0,6,1,0,0,25,517
CALUMETTOWN OF STOCKBRIDGE WARDS 1-3,6,260,4,0,0,0,0,0,0,0,0,0,0,0,22,630
CALUMETVILLAGE OF SHERWOOD WARDS 1-5,14,683,13,0,0,0,0,0,0,1,8,1,0,0,64,1031
CHIPPEWATOWN OF BLOOMER WARDS 1-2,2,145,3,0,0,0,0,0,0,0,2,0,0,0,15,384
CHIPPEWATOWN OF EAGLE POINT WARDS 1-5,10,691,11,0,0,0,0,0,0,0,4,0,0,0,55,1136
CHIPPEWATOWN OF EDSON WARDS 1-2,0,146,1,0,0,0,0,0,0,0,0,1,0,0,12,264
CHIPPEWATOWN OF GOETZ WARDS 1-2,5,148,1,0,0,0,0,0,0,0,0,0,0,0,12,243
CHIPPEWATOWN OF LAKE HOLCOMBE WARDS 1-2,0,171,1,0,0,0,0,0,0,0,2,0,0,0,10,397
CHIPPEWATOWN OF SIGEL WARDS 1-2,4,179,3,0,0,0,0,0,0,0,0,0,0,0,15,308
CHIPPEWATOWN OF TILDEN WARDS 1-3,5,303,3,0,0,0,0,0,0,1,2,0,0,0,30,521
CHIPPEWATOWN OF WHEATON WARDS 1-3,11,615,14,0,0,0,0,0,0,0,1,1,0,0,52,874
CHIPPEWAVILLAGE OF CADOTT WARDS 1-3,4,234,4,0,0,0,0,0,0,0,0,0,0,0,23,346
CLARKCITY OF ABBOTSFORD WARDS 2-5,4,232,7,0,0,0,0,0,0,0,2,0,0,0,16,373
CLARKCITY OF COLBY WARDS 2-4,2,170,4,0,0,0,0,0,0,0,5,0,0,0,22,336
CLARKCITY OF GREENWOOD WARDS 1-2,5,203,7,0,0,0,0,0,0,0,3,1,0,0,22,285
CLARKCITY OF LOYAL WARDS 1-2,5,177,4,0,0,0,0,0,0,0,2,0,0,0,18,357
CLARKCITY OF OWEN WARDS 1-3,7,173,5,0,0,0,0,0,0,0,0,0,0,0,28,220
CLARKCITY OF THORP WARDS 1-4,9,250,3,0,0,0,0,0,0,0,0,0,0,0,22,453
CLARKTOWN OF COLBY WARDS 1-3,2,76,0,0,0,0,0,0,0,0,3,0,0,0,10,177
CLARKTOWN OF EATON WARDS 1-2,5,60,1,0,0,0,0,0,0,0,0,0,0,0,10,168
CLARKTOWN OF FREMONT WARDS 1-2,6,121,4,0,1,0,0,0,0,0,2,1,0,0,19,348
CLARKTOWN OF GRANT WARDS 1-2,1,103,5,0,1,0,0,0,0,0,0,0,0,0,16,264
CLARKTOWN OF GREEN GROVE WARDS 1-2,1,62,2,0,0,0,0,0,0,0,0,0,0,0,9,147
CLARKTOWN OF HEWETT WARDS 1-2,4,54,1,0,0,0,0,0,0,0,0,0,0,0,7,109
CLARKTOWN OF HIXON WARDS 1-2,0,69,0,0,0,0,0,0,0,0,0,0,0,0,6,133
CLARKTOWN OF HOARD WARDS 1-2,0,72,1,0,0,0,0,0,0,0,0,0,0,0,2,165
CLARKTOWN OF LEVIS WARDS 1-2,0,61,5,0,1,0,0,0,0,0,0,0,0,0,4,156
CLARKTOWN OF LONGWOOD WARDS 1-2,3,70,1,0,1,0,0,0,0,0,3,0,0,0,11,140
CLARKTOWN OF LOYAL WARDS 1-2,1,48,0,0,0,0,0,0,0,0,1,0,0,0,12,189
CLARKTOWN OF LYNN WARDS 1-2,2,75,1,0,0,0,0,0,0,0,1,0,0,0,12,162
CLARKTOWN OF MAYVILLE WARDS 1-2,2,100,1,0,1,0,0,0,0,0,0,1,0,0,12,235
CLARKTOWN OF RESEBURG WARDS 1-2,0,72,1,0,0,0,0,0,0,0,0,0,0,0,5,109
CLARKTOWN OF SHERMAN WARDS 1-2,2,81,1,0,0,0,0,0,0,0,1,0,0,0,9,229
CLARKTOWN OF WARNER WARDS 1-2,1,63,2,0,0,0,0,0,0,0,0,0,0,0,2,166
CLARKTOWN OF WESTON WARDS 1-2,2,100,1,0,0,0,0,0,0,0,0,0,0,0,8,196
CLARKTOWN OF YORK WARDS 1-2,4,100,3,0,0,0,0,0,0,0,1,2,0,0,12,222
COLUMBIACITY OF COLUMBUS WARD 10,0,0,0,0,0,0,0,0,0,0,0,0,0,0,0,0
COLUMBIACITY OF COLUMBUS WARDS 1-8,12,1380,47,0,0,0,0,0,0,1,18,3,0,0,130,1089
COLUMBIACITY OF WISCONSIN DELLS WARD 11,0,0,0,0,0,0,0,0,0,0,0,0,0,0,0,0
"COLUMBIACITY OF WISCONSIN DELLS WARDS 1-3,6",1,507,22,0,0,0,0,0,0,0,2,1,0,0,31,536
CRAWFORDTOWN OF CLAYTON WARDS 1-3,3,231,8,0,1,0,0,0,0,0,0,1,0,0,18,198
CRAWFORDTOWN OF EASTMAN WARDS 1-2,2,141,7,0,0,0,0,0,0,0,0,0,0,0,14,238
CRAWFORDTOWN OF PRAIRIE DU CHIEN WARDS 1-2,2,179,5,0,0,0,0,0,0,0,0,2,0,0,18,269
CRAWFORDTOWN OF WAUZEKA WARDS 1-2,1,72,1,0,0,0,0,0,0,0,0,0,0,0,11,119
DANECITY OF FITCHBURG WARD 14,0,688,9,0,1,0,0,0,0,0,0,0,0,0,43,197
DANECITY OF FITCHBURG WARD 20,0,0,0,0,0,0,0,0,0,0,0,0,0,0,0,0
DANECITY OF FITCHBURG WARDS 1-4,9,1826,35,0,2,0,0,0,0,0,15,1,0,0,82,372
DANECITY OF FITCHBURG WARDS 10-13,4,1914,30,0,1,0,0,0,0,1,14,1,0,0,86,382
"DANECITY OF FITCHBURG WARDS 15,18-19",6,1877,17,0,3,0,0,0,0,0,14,0,0,0,89,636
DANECITY OF FITCHBURG WARDS 16-17,2,758,18,0,1,0,0,0,0,0,0,3,0,0,43,361
DANECITY OF FITCHBURG WARDS 5-9,5,3035,27,0,2,0,0,0,0,1,7,1,0,0,136,970
DANECITY OF MADISON WARD 137,0,0,0,0,0,0,0,0,0,0,0,0,0,0,0,0
DANECITY OF MADISON WARD 138,0,1,0,0,0,0,0,0,0,0,0,0,0,0,0,0
"DANECITY OF MIDDLETON WARDS 1-4,9",3,2133,42,0,1,0,0,0,0,1,15,1,0,0,89,721
DANECITY OF MIDDLETON WARDS 19-20,0,0,0,0,0,0,0,0,0,0,0,0,0,0,0,0
DANECITY OF STOUGHTON WARD 9,0,0,0,0,0,0,0,0,0,0,0,0,0,0,0,0
DANECITY OF STOUGHTON WARDS 1-2,5,1179,28,0,0,0,0,0,0,0,4,2,0,0,61,565
DANECITY OF STOUGHTON WARDS 10-11,0,0,0,0,0,0,0,0,0,0,0,0,0,0,0,0
"DANECITY OF STOUGHTON WARDS 3-4,12",3,1098,32,0,1,0,0,0,0,0,6,0,0,0,37,466
DANECITY OF STOUGHTON WARDS 5-6,6,1160,27,0,1,0,0,0,0,0,7,1,0,0,54,464
DANECITY OF STOUGHTON WARDS 7-8,3,1153,24,0,1,0,0,0,0,0,6,2,0,0,47,612
DANECITY OF SUN PRAIRIE WARDS 1-5,15,2669,51,0,1,0,0,0,0,0,14,2,0,0,160,1251
DANECITY OF SUN PRAIRIE WARDS 10-14,22,2631,49,0,3,0,0,0,0,0,20,3,0,0,195,1169
DANECITY OF SUN PRAIRIE WARDS 15-19,11,2466,39,0,5,0,0,0,0,0,0,0,0,0,191,1418
DANECITY OF SUN PRAIRIE WARDS 20-21,0,0,0,0,0,0,0,0,0,0,0,0,0,0,0,0
DANECITY OF SUN PRAIRIE WARDS 6-9,17,2504,39,0,2,0,0,0,0,0,15,2,0,0,173,1321
"DANECITY OF VERONA WARDS 1,5",0,801,9,0,1,0,0,0,0,0,5,2,0,0,44,371
DANECITY OF VERONA WARDS 2-4,6,1455,33,0,0,1,0,0,0,2,9,0,0,0,76,563
DANECITY OF VERONA WARDS 6-9,20,2612,38,0,1,0,0,0,0,0,27,0,0,0,166,1050
"DANETOWN OF COTTAGE GROVE WARDS 1-2,4-5,7",3,849,10,0,0,0,0,0,0,0,0,1,0,0,62,596
"DANETOWN OF COTTAGE GROVE WARDS 3,6",1,523,10,0,1,0,0,0,0,0,6,0,0,0,23,326
DANETOWN OF CROSS PLAINS WARD 1-2,9,498,15,0,0,0,0,0,0,0,3,0,0,0,34,394
DANETOWN OF CROSS PLAINS WARD 3,0,0,0,0,0,0,0,0,0,0,0,0,0,0,0,0
"DANETOWN OF DUNKIRK WARD 1,3,5",0,439,3,0,1,0,0,0,0,0,4,1,0,0,27,292
"DANETOWN OF DUNKIRK WARD 2,4,6",3,244,3,0,1,0,0,0,0,0,3,0,0,0,12,171
DANETOWN OF OREGON WARD 1-4,13,1276,19,0,0,0,0,0,0,0,7,0,0,0,70,713
DANETOWN OF SPRINGFIELD WARD 1-3,9,833,12,0,0,0,0,0,0,0,11,0,0,0,58,703
DANETOWN OF VERONA WARD 1,1,225,5,0,0,0,0,0,0,0,2,0,0,0,13,172
DANETOWN OF VERONA WARDS 2-4,1,532,5,0,1,0,0,0,0,0,2,0,0,1,26,289
DANETOWN OF VIENNA WARDS 1-2,3,424,14,0,3,0,0,0,0,0,7,0,0,0,22,442
DANEVILLAGE OF BROOKLYN WARD 1,2,331,9,0,0,0,0,0,0,0,1,0,0,0,20,157
DANEVILLAGE OF BROOKLYN WARD 3,0,0,0,0,0,0,0,0,0,0,0,0,0,0,0,0
DANEVILLAGE OF CROSS PLAINS WARD 5,0,0,0,0,0,0,0,0,0,0,0,0,0,0,0,0
"DANEVILLAGE OF DEFOREST WARD 1,3-6,15",8,1306,29,0,0,0,1,0,0,0,14,1,0,0,120,833
DANEVILLAGE OF DEFOREST WARD 11,3,279,4,0,0,0,0,0,0,0,1,0,0,0,18,158
DANEVILLAGE OF DEFOREST WARD 13,0,0,0,0,0,0,0,0,0,0,0,0,0,0,0,0
DANEVILLAGE OF DEFOREST WARD 2,0,214,4,0,1,0,1,0,0,0,0,0,0,0,19,105
"DANEVILLAGE OF DEFOREST WARD 7-10,12",12,1098,15,0,0,0,0,0,0,0,12,3,0,0,84,624
"DANEVILLAGE OF DEFOREST WARDS 14,16-17",0,0,0,0,0,0,0,0,0,0,0,0,0,0,0,0
DANEVILLAGE OF WINDSOR WARDS 1-2,0,229,3,0,0,0,0,0,0,0,1,0,0,0,19,177
DANEVILLAGE OF WINDSOR WARDS 3-5,8,669,8,0,0,0,0,0,0,0,2,1,0,0,47,579
DANEVILLAGE OF WINDSOR WARDS 6-10,12,1420,25,0,3,0,0,0,0,0,4,2,0,0,105,921
"DODGECITY OF BEAVER DAM WARDS 1,3,5",6,757,20,0,2,0,0,0,0,0,0,0,0,0,64,652
"DODGECITY OF BEAVER DAM WARDS 2,6",11,479,15,0,0,0,0,0,0,0,8,0,0,0,43,545
"DODGECITY OF BEAVER DAM WARDS 4,10",4,369,7,0,0,0,0,0,0,0,3,1,0,0,27,383
"DODGECITY OF BEAVER DAM WARDS 7,12-13",14,708,18,0,0,0,0,0,0,0,3,1,0,0,64,678
"DODGECITY OF BEAVER DAM WARDS 8,14",8,439,11,0,3,0,0,0,0,0,7,0,0,0,27,443
"DODGECITY OF BEAVER DAM WARDS 9,11",4,647,12,0,0,0,0,0,0,0,17,1,0,0,49,621
DODGECITY OF FOX LAKE WARDS 1-3,4,264,14,0,0,0,0,0,0,0,0,0,0,0,39,401
DODGECITY OF WAUPUN WARDS 1-8,18,755,26,0,1,0,0,0,0,0,17,1,0,0,90,1355
DODGETOWN OF ASHIPPUN WARDS 1-4,9,371,6,0,1,0,0,0,0,0,4,1,0,0,48,1149
"DODGETOWN OF BEAVER DAM WARDS 1-4,7-11",3,479,7,0,0,0,0,0,0,0,9,0,0,0,38,640
DODGETOWN OF BEAVER DAM WARDS 5-6,3,386,10,0,0,0,0,0,0,0,3,3,0,0,39,502
DODGETOWN OF BURNETT WARDS 1-2,5,135,3,0,1,0,0,0,0,0,7,1,0,0,17,348
DODGETOWN OF CALAMUS WARDS 1-2,3,181,3,0,0,0,0,0,0,0,1,0,0,0,19,302
DODGETOWN OF CHESTER WARDS 1-2,3,96,1,0,0,0,0,0,0,0,2,0,0,0,14,255
DODGETOWN OF EMMET WARDS 1-2,4,178,5,0,0,0,0,0,0,0,5,0,0,0,22,556
DODGETOWN OF FOX LAKE WARDS 1-4,3,195,4,0,0,0,0,0,0,0,0,1,0,0,12,485
DODGETOWN OF HUBBARD WARDS 1-4,11,298,3,0,0,0,0,0,0,0,6,1,0,0,27,699
DODGETOWN OF HUBBARD WARDS 5-6,0,0,0,0,0,0,0,0,0,0,0,0,0,0,0,0
DODGETOWN OF HUSTISFORD WARDS 1-2,1,177,4,0,2,0,0,0,0,0,0,2,0,0,24,625
DODGETOWN OF LEBANON WARDS 1-2,3,225,2,0,1,0,0,0,0,1,5,0,0,0,21,661
DODGETOWN OF LEROY WARDS 1-2,3,112,1,0,0,0,0,0,0,0,2,0,0,0,16,387
DODGETOWN OF LOWELL WARDS 1-2,0,70,0,0,0,0,0,0,0,0,2,0,0,0,7,202
DODGETOWN OF LOWELL WARDS 3-4,0,82,2,0,0,0,0,0,0,0,1,0,0,0,8,201
DODGETOWN OF OAK GROVE WARDS 1-2,3,184,0,0,1,0,0,0,0,0,2,0,0,0,17,363
DODGETOWN OF OAK GROVE WARDS 3-6,0,0,0,0,0,0,0,0,0,0,0,0,0,0,0,0
DODGETOWN OF PORTLAND WARDS 1-2,7,212,5,0,0,0,0,0,0,0,0,0,0,0,15,344
DODGETOWN OF RUBICON WARDS 1-3,6,225,10,0,0,0,1,0,0,0,9,0,0,0,35,1063
"DODGETOWN OF THERESA WARDS 1,3-7",1,43,4,0,0,0,0,0,0,0,0,0,0,0,13,189
DODGETOWN OF TRENTON WARDS 1-2,3,179,0,0,0,0,0,0,0,0,7,0,0,0,33,512
DODGETOWN OF WESTFORD WARD 4,0,0,0,0,0,0,0,0,0,0,0,0,0,0,0,0
DODGETOWN OF WESTFORD WARDS 1-2,4,250,4,0,0,0,0,0,0,0,0,1,0,0,20,436
DODGETOWN OF WILLIAMSTOWN WARDS 1-3,1,101,2,0,2,0,0,0,0,0,5,1,0,0,9,348
DODGEVILLAGE OF HUSTISFORD WARDS 1-2,7,141,4,0,1,0,0,0,0,0,1,1,0,0,17,405
DODGEVILLAGE OF RANDOLPH WARDS 1-2,4,208,3,0,0,0,0,0,0,0,10,1,0,0,30,364
DODGEVILLAGE OF THERESA WARDS 1-3,8,183,9,0,0,0,0,0,0,0,6,0,0,0,33,477
"DOORCITY OF STURGEON BAY WARDS 1-6,22-24,29",10,1102,29,0,2,0,0,0,0,0,6,2,0,0,87,931
"DOORCITY OF STURGEON BAY WARDS 11-17,28",4,680,8,0,1,0,0,0,0,0,2,3,0,0,41,577
"DOORCITY OF STURGEON BAY WARDS 7-10,18-21,25-27,30",1,667,11,0,0,0,0,0,0,1,4,1,0,0,37,612
DOORTOWN OF BAILEYS HARBOR WARDS 1-2,0,443,7,0,0,0,0,0,0,0,4,0,0,0,24,327
DOORTOWN OF BRUSSELS WARDS 1-2,2,201,7,0,0,0,0,0,0,0,0,0,0,0,20,374
DOORTOWN OF EGG HARBOR WARDS 1-3,0,400,10,0,0,0,0,0,0,0,1,0,0,0,26,472
DOORTOWN OF FORESTVILLE WARDS 1-2,4,206,5,0,0,0,0,0,0,0,2,1,0,0,21,335
DOORTOWN OF GARDNER WARDS 1-2,5,246,4,0,1,0,0,0,0,0,2,0,0,0,21,424
DOORTOWN OF JACKSONPORT WARDS 1-2,2,232,1,0,0,0,0,0,0,1,0,0,0,0,10,275
DOORTOWN OF LIBERTY GROVE WARDS 1-3,6,734,9,0,0,0,0,0,0,0,4,2,0,0,46,582
DOORTOWN OF NASEWAUPEE WARDS 1-3,6,461,6,0,0,0,0,0,0,2,5,1,0,0,46,703
DOORTOWN OF SEVASTOPOL WARDS 1-5,8,780,14,0,2,0,0,0,0,0,8,1,0,0,60,974
DOORTOWN OF STURGEON BAY WARDS 1-2,2,224,3,0,1,0,0,0,0,0,0,0,0,0,16,272
"DOUGLASCITY OF SUPERIOR WARDS 1-3,7-8",10,1561,38,0,1,0,0,0,0,0,4,2,0,0,93,1026
"DOUGLASCITY OF SUPERIOR WARDS 13-16,20-22",9,1492,53,0,1,1,0,0,0,0,8,3,0,0,109,937
"DOUGLASCITY OF SUPERIOR WARDS 17-19,30-32",10,985,47,0,1,0,0,0,0,0,2,2,0,0,78,586
DOUGLASCITY OF SUPERIOR WARDS 23-29,15,1463,38,0,0,0,0,0,0,0,0,3,0,0,101,1031
"DOUGLASCITY OF SUPERIOR WARDS 4-6,9-12",14,1317,31,0,0,0,0,0,0,0,0,1,0,0,89,1062
DUNNCITY OF MENOMONIE WARDS 1-2,8,771,17,0,0,0,0,0,0,0,5,5,0,0,73,662
DUNNCITY OF MENOMONIE WARDS 10-11,9,847,21,0,1,0,0,0,0,0,7,3,0,0,77,595
DUNNCITY OF MENOMONIE WARDS 3-4,2,656,29,0,0,0,0,0,0,0,5,1,0,0,121,454
"DUNNCITY OF MENOMONIE WARDS 5,7",5,655,37,0,1,0,0,0,0,0,2,0,0,0,96,487
DUNNCITY OF MENOMONIE WARDS 8-9,7,622,20,0,0,0,0,0,0,0,2,0,0,0,88,502
DUNNTOWN OF DUNN WARDS 1-2,4,337,13,0,1,0,0,0,0,0,1,0,0,0,21,396
EAU CLAIRECITY OF ALTOONA WARDS 1-11,15,1810,56,0,2,0,0,1,0,0,18,2,0,0,164,1715
EAU CLAIRECITY OF ALTOONA WARDS 12-15,0,2,0,0,0,0,0,0,0,0,0,0,0,0,0,0
FOND DU LACCITY OF WAUPUN WARD 9B,0,0,0,0,0,0,0,0,0,0,0,0,0,0,0,0
FOND DU LACTOWN OF CALUMET WARD 1,1,148,0,0,1,0,0,0,0,0,3,1,0,0,17,339
FOND DU LACTOWN OF CALUMET WARD 2,0,81,2,0,0,0,0,0,0,0,1,1,0,0,23,225
FOND DU LACTOWN OF FOND DU LAC WARD 1A,0,0,0,0,0,0,0,0,0,0,0,0,0,0,0,0
FOND DU LACTOWN OF ROSENDALE WARD 1,2,99,4,0,0,0,0,0,0,0,2,0,0,0,12,284
FORESTCITY OF CRANDON WARDS 1-4,2,253,8,0,1,0,0,0,0,0,0,0,0,0,13,502
FORESTTOWN OF ARGONNE WARDS 1-3,4,71,4,0,1,0,0,0,0,0,1,0,0,0,4,187
FORESTTOWN OF CRANDON WARDS 1-3,1,116,0,0,0,0,0,0,0,0,0,0,0,0,6,205
FORESTTOWN OF LAONA WARDS 1-3,3,213,0,0,1,0,0,0,0,0,2,1,0,0,17,359
FORESTTOWN OF LINCOLN WARDS 1-3,0,206,3,0,0,0,0,0,0,0,0,0,0,0,5,292
FORESTTOWN OF WABENO WARDS 1-5,1,169,6,0,0,0,0,0,0,0,0,0,0,0,14,261
GRANTCITY OF FENNIMORE WARD 1-4,9,450,10,0,0,0,0,0,0,1,3,0,0,0,34,549
GRANTTOWN OF HAZEL GREEN WARD 1-2,3,315,4,0,0,0,0,0,0,0,0,1,0,0,21,285
GRANTTOWN OF NORTH LANCASTER WARDS 1-2,0,77,1,0,2,0,0,0,0,0,0,0,0,0,2,182
GREEN LAKECITY OF BERLIN WARD 1-6,6,774,19,0,0,0,0,0,0,0,2,1,0,0,83,1346
GREEN LAKETOWN OF BERLIN WARD 1-3,4,145,4,0,0,0,0,0,0,0,2,0,0,0,19,492
GREENCITY OF BRODHEAD WARDS 1-6,5,563,16,0,0,0,0,0,0,0,0,2,0,0,55,688
GREENCITY OF MONROE WARDS 1-9,24,2486,55,0,1,0,0,0,1,0,11,4,0,0,189,2167
GREENTOWN OF BROOKLYN WARDS 1-3,0,352,5,0,1,0,0,0,0,0,1,0,0,0,20,294
GREENTOWN OF DECATUR WARDS 1-3,4,389,11,0,0,0,0,0,0,0,2,1,0,0,25,499
GREENTOWN OF EXETER WARDS 1-4,3,682,14,0,2,0,0,0,0,0,2,0,0,0,47,406
GREENTOWN OF MOUNT PLEASANT WARD 1,2,64,2,0,0,0,0,0,0,0,0,0,0,0,3,61
GREENTOWN OF MOUNT PLEASANT WARDS 2-3,0,87,4,0,0,0,0,0,0,0,0,0,0,0,7,97
GREENTOWN OF NEW GLARUS WARDS 1-2,0,441,5,0,0,0,0,0,0,0,3,0,0,0,26,338
GREENVILLAGE OF NEW GLARUS WARDS 1-4,3,773,12,0,0,0,0,0,0,0,5,1,0,0,49,362
IOWACITY OF MINERAL POINT WARDS 1-6,9,841,16,0,1,0,0,0,0,0,0,2,0,0,24,463
IOWATOWN OF DODGEVILLE WARDS 1-4,2,515,8,0,0,0,0,0,0,0,0,1,0,0,24,391
IRONCITY OF HURLEY WARD 1,0,90,4,0,0,0,0,0,0,0,0,0,0,0,3,111
IRONCITY OF HURLEY WARD 2,1,79,0,0,0,0,0,0,0,0,0,0,0,0,3,117
IRONCITY OF HURLEY WARD 3,0,43,1,0,0,0,0,0,0,0,0,0,0,0,6,76
IRONCITY OF HURLEY WARD 4,1,70,2,0,0,0,0,0,0,0,0,0,0,0,4,100
"JACKSONTOWN OF ALMA WARD 1,4",0,40,4,0,0,0,0,0,0,0,0,0,0,0,5,95
"JACKSONTOWN OF ALMA WARD 2-3,5",2,112,1,0,0,0,0,0,0,0,1,0,0,0,11,186
JEFFERSONCITY OF FORT ATKINSON WARDS 1-9,26,2905,68,0,7,0,0,0,0,0,41,9,0,0,224,2537
JEFFERSONCITY OF JEFFERSON WARD 11,0,0,0,0,0,0,0,0,0,0,0,0,0,0,0,0
JEFFERSONCITY OF JEFFERSON WARDS 1-10,5,1547,48,0,1,0,0,0,0,0,20,0,0,0,126,1705
JEFFERSONCITY OF LAKE MILLS WARD 1-8,9,1670,50,0,2,0,0,0,0,0,27,0,0,0,150,1391
JEFFERSONCITY OF WATERTOWN WARD 19,0,0,0,0,0,0,0,0,0,0,0,0,0,0,0,0
JEFFERSONCITY OF WATERTOWN WARD 8,1,144,4,0,0,0,0,0,0,0,4,0,0,0,12,210
JEFFERSONTOWN OF AZTALAN WARDS 1-2,2,304,11,0,0,0,0,0,0,0,8,0,0,0,20,446
JEFFERSONTOWN OF CONCORD WARDS 1-3,2,337,8,0,1,0,0,0,0,0,0,0,0,0,41,799
JEFFERSONTOWN OF FARMINGTON WARDS 1-2,5,246,5,0,0,0,0,0,0,0,1,1,0,0,28,582
JEFFERSONTOWN OF HEBRON WARDS 1-2,2,169,4,0,0,0,0,0,0,0,4,0,0,0,26,397
JEFFERSONTOWN OF JEFFERSON WARDS 1-3,5,383,7,0,0,0,1,0,0,0,4,1,0,0,42,749
"JEFFERSONTOWN OF KOSHKONONG WARDS 1,6",2,93,2,0,0,0,0,0,0,0,12,0,0,0,5,132
JEFFERSONTOWN OF KOSHKONONG WARDS 2-5,5,677,13,0,2,0,0,0,0,0,0,2,0,0,51,1079
JEFFERSONTOWN OF LAKE MILLS WARDS 1-3,4,575,10,0,4,0,0,0,0,0,0,1,0,0,48,561
JEFFERSONTOWN OF MILFORD WARDS 1-2,4,222,9,0,0,0,0,0,0,0,0,1,0,0,26,362
JEFFERSONTOWN OF SULLIVAN WARDS 1-3,7,360,14,0,2,0,0,0,0,0,8,1,0,0,44,882
JEFFERSONTOWN OF WATERTOWN WARDS 1-2,3,287,5,0,0,0,0,0,0,0,3,0,0,0,31,771
KENOSHATOWN OF SOMERS WARD 1,0,13,0,0,0,0,0,0,0,0,0,0,0,0,0,14
KENOSHATOWN OF SOMERS WARD 2,0,217,0,0,0,0,0,0,0,0,8,0,0,0,0,282
KENOSHATOWN OF WHEATLAND WARD 1-6,6,556,8,0,0,0,0,0,0,0,3,3,0,0,77,1118
KENOSHAVILLAGE OF SOMERS WARD 11,2,137,0,0,0,0,0,0,0,0,2,0,0,0,4,172
KENOSHAVILLAGE OF SOMERS WARD 12,3,142,1,0,0,0,0,0,0,0,1,0,0,0,13,288
LA CROSSETOWN OF SHELBY WARD 1-4,12,880,25,0,3,0,0,0,0,0,4,0,0,0,64,828
LA CROSSETOWN OF SHELBY WARD 5-6,2,647,6,0,0,0,0,0,0,0,0,0,0,0,33,471
LAFAYETTECITY OF DARLINGTON WARDS 1-6,6,504,9,0,0,0,0,0,0,0,6,1,0,0,33,454
LAFAYETTECITY OF SHULLSBURG WARDS 1-3,6,263,3,0,0,0,0,0,0,0,2,0,0,0,19,217
LAFAYETTETOWN OF ARGYLE WARD 1-3,2,108,1,0,0,0,0,0,0,0,0,0,0,0,3,116
LAFAYETTETOWN OF BELMONT WARDS 1-2,4,118,3,0,0,0,0,0,0,0,1,0,0,0,9,184
LAFAYETTETOWN OF BENTON WARDS 1-2,0,77,3,0,0,0,0,0,0,0,0,0,0,0,6,156
LAFAYETTETOWN OF DARLINGTON WARDS 1-3,2,179,2,0,0,0,0,0,0,0,3,0,0,0,14,295
LAFAYETTETOWN OF ELK GROVE WARDS 1-2,1,66,1,0,0,0,0,0,0,0,0,0,0,0,6,131
LAFAYETTETOWN OF FAYETTE WARDS 1-2,2,66,1,0,0,0,0,0,0,0,0,0,0,0,4,104
LAFAYETTETOWN OF LAMONT WARDS 1-2,0,66,3,0,0,0,0,0,0,0,0,1,0,0,5,84
LAFAYETTETOWN OF SEYMOUR WARDS 1-2,0,61,1,0,0,0,0,0,0,0,0,0,0,0,3,95
LINCOLNCITY OF TOMAHAWK WARDS 1-2,3,201,6,0,0,0,0,0,0,0,0,1,0,0,27,238
LINCOLNCITY OF TOMAHAWK WARDS 3-4,2,237,4,0,0,0,0,0,0,0,0,1,0,0,21,327
LINCOLNCITY OF TOMAHAWK WARDS 5-6,3,213,6,0,1,0,0,0,0,0,0,0,0,0,23,288
MANITOWOCCITY OF MANITOWOC WARDS 1-2,16,584,19,0,2,0,0,0,0,0,4,0,0,0,55,707
MANITOWOCCITY OF MANITOWOC WARDS 11-12,10,727,14,0,0,0,0,0,0,0,0,3,0,0,76,937
MANITOWOCCITY OF MANITOWOC WARDS 13-14,4,563,11,0,0,0,1,0,0,0,7,1,0,0,51,617
MANITOWOCCITY OF MANITOWOC WARDS 15-16,11,749,13,0,1,0,0,0,0,0,12,3,0,0,99,1033
"MANITOWOCCITY OF MANITOWOC WARDS 17-18,21,23-26",11,615,13,0,1,0,0,0,0,0,3,3,0,0,59,729
"MANITOWOCCITY OF MANITOWOC WARDS 19-20,27",14,730,10,0,4,0,0,0,0,0,9,1,0,0,73,1177
"MANITOWOCCITY OF MANITOWOC WARDS 3-4,22",9,643,16,0,0,0,0,0,0,0,12,1,0,0,57,778
MANITOWOCCITY OF MANITOWOC WARDS 5-6,10,673,19,0,0,0,0,0,0,2,10,1,0,0,54,581
MANITOWOCCITY OF MANITOWOC WARDS 7-8,1,449,22,0,0,0,0,0,0,0,0,1,0,0,49,423
MANITOWOCCITY OF MANITOWOC WARDS 9-10,9,596,20,0,0,0,0,0,0,0,3,0,0,0,56,754
"MANITOWOCTOWN OF MEEME WARDS 1,4",7,148,5,0,0,0,0,0,0,0,4,0,0,0,27,307
MANITOWOCTOWN OF MEEME WARDS 2-3,2,99,0,0,0,0,0,0,0,0,0,0,0,0,12,231
MARATHONCITY OF ABBOTSFORD WARD 1,0,54,0,0,0,0,0,0,0,0,0,0,0,0,4,82
MARATHONCITY OF ABBOTSFORD WARD 6,0,4,0,0,0,0,0,0,0,0,0,0,0,0,0,3
"MARATHONCITY OF MARSHFIELD WARDS 12,20-21,24",5,175,2,0,0,0,0,0,0,0,0,0,0,0,7,222
MARATHONCITY OF SCHOFIELD WARDS 1-4,3,478,10,0,2,0,0,0,0,0,6,0,0,0,48,568
MARATHONTOWN OF MOSINEE WARD 1-3,7,410,8,0,0,0,0,0,0,0,2,0,0,0,40,790
MARATHONVILLAGE OF DORCHESTER WARD 2,0,0,0,0,0,0,0,0,0,0,0,0,0,0,0,1
MARATHONVILLAGE OF DORCHESTER WARD 3,0,0,0,0,0,0,0,0,0,0,0,0,0,0,0,0
MARINETTETOWN OF ATHELSTANE WARDS 1-2,1,95,1,0,0,0,0,0,0,0,0,0,0,0,7,216
MARINETTETOWN OF DUNBAR WARD 1-2,3,79,2,0,0,0,0,0,0,0,5,0,0,0,7,189
MARINETTETOWN OF MIDDLE INLET WARDS 1-2,4,131,2,0,0,0,0,0,0,0,1,0,0,0,5,303
MILWAUKEECITY OF CUDAHY WARDS 10-12,11,791,19,0,1,0,0,0,0,0,0,1,0,0,68,854
MILWAUKEECITY OF CUDAHY WARDS 13-15,7,1029,17,0,0,0,0,0,0,0,7,1,0,0,76,958
MILWAUKEECITY OF GLENDALE WARD 11S,0,213,4,0,0,0,0,0,0,0,0,0,0,0,13,45
MILWAUKEECITY OF GLENDALE WARD 8,2,305,2,0,0,0,0,0,0,0,0,0,0,0,5,164
"MILWAUKEECITY OF GLENDALE WARDS 1,7",1,815,19,0,0,0,0,0,0,0,4,1,0,0,45,341
"MILWAUKEECITY OF GLENDALE WARDS 2,8S",2,611,11,0,0,0,0,0,0,0,1,0,0,0,26,215
"MILWAUKEECITY OF GLENDALE WARDS 3,9",1,852,13,0,0,0,0,0,0,0,9,0,0,0,50,429
"MILWAUKEECITY OF GLENDALE WARDS 4,10",2,967,4,0,1,0,0,0,0,1,9,1,0,0,27,459
"MILWAUKEECITY OF GLENDALE WARDS 5,11",6,790,9,0,0,0,0,0,0,0,6,1,0,0,35,344
"MILWAUKEECITY OF GLENDALE WARDS 6,12",1,760,16,0,0,0,0,0,0,0,7,1,0,0,27,312
"MILWAUKEEVILLAGE OF BAYSIDE WARDS 1,3",2,610,2,0,0,0,0,0,0,0,6,0,0,0,24,316
"MILWAUKEEVILLAGE OF BAYSIDE WARDS 1S,3S",0,38,0,0,0,0,0,0,0,0,0,0,0,0,2,20
MILWAUKEEVILLAGE OF HALES CORNERS WARDS 1-3,11,580,12,0,1,0,0,0,0,0,11,2,0,0,44,865
MILWAUKEEVILLAGE OF HALES CORNERS WARDS 4-6,1,568,20,0,2,0,0,0,0,0,9,1,0,0,57,837
MILWAUKEEVILLAGE OF HALES CORNERS WARDS 7-9,7,574,13,0,0,0,0,0,0,0,1,2,0,0,43,686
MILWAUKEEVILLAGE OF RIVER HILLS WARDS 1-3,2,585,4,0,0,0,0,0,0,0,5,1,0,0,32,494
MONROECITY OF SPARTA WARD 19,0,0,0,0,0,0,0,0,0,0,0,0,0,0,0,0
"MONROECITY OF SPARTA WARDS 13-18,20",0,461,14,0,0,0,0,0,0,0,2,1,0,0,45,493
MONROECITY OF SPARTA WARDS 7-12,7,616,13,0,4,0,0,0,0,0,6,1,0,0,60,700
MONROECITY OF TOMAH WARD 5B,0,0,0,0,0,0,0,0,0,0,0,0,0,0,0,0
"MONROECITY OF TOMAH WARDS 12-16,18",4,507,26,0,0,0,0,0,0,0,6,3,0,0,51,691
"MONROECITY OF TOMAH WARDS 17,19-20",0,1,0,0,0,0,0,0,0,0,0,0,0,0,0,0
MONROECITY OF TOMAH WARDS 7-11,10,517,24,0,0,0,0,0,0,0,8,1,0,0,70,759
MONROETOWN OF LA GRANGE WARDS 1A-3A,12,318,13,0,1,0,0,0,0,0,5,2,0,0,35,572
MONROETOWN OF LA GRANGE WARDS 1B-3B,0,19,0,0,0,0,0,0,0,0,0,0,0,0,0,55
OCONTOCITY OF GILLETT WARDS 1-3,3,191,5,0,0,0,0,0,0,0,0,1,0,0,14,353
OCONTOCITY OF OCONTO FALLS WARD 6,0,0,0,0,0,0,0,0,0,0,0,0,0,0,0,0
OCONTOCITY OF OCONTO FALLS WARDS 1-5,7,375,9,0,0,0,0,0,0,1,1,0,0,0,53,783
ONEIDACITY OF RHINELANDER WARDS 11-12,2,199,4,0,0,0,0,0,0,0,4,0,0,0,31,173
ONEIDACITY OF RHINELANDER WARDS 13-14,2,173,13,0,0,0,0,0,0,0,2,0,0,0,26,187
ONEIDACITY OF RHINELANDER WARDS 2-3,4,198,7,0,0,0,0,0,0,0,0,0,0,0,13,207
ONEIDACITY OF RHINELANDER WARDS 4-5,2,166,8,0,0,0,0,0,0,0,2,0,0,0,28,182
ONEIDACITY OF RHINELANDER WARDS 6-7,0,173,0,0,0,0,1,0,0,0,4,1,0,0,22,175
ONEIDACITY OF RHINELANDER WARDS 8-9,7,264,5,0,0,0,0,0,0,0,1,0,0,0,24,196
ONEIDATOWN OF CASSIAN WARDS 1-2,4,250,7,0,0,0,0,0,0,0,0,1,0,0,22,391
ONEIDATOWN OF CRESCENT WARDS 1-3,4,524,4,0,2,0,0,0,0,0,4,1,0,0,37,712
ONEIDATOWN OF LAKE TOMAHAWK WARDS 1-2,2,223,1,0,0,0,0,0,0,0,0,0,0,0,16,398
ONEIDATOWN OF MINOCQUA WARDS 1-7,12,1026,20,0,1,0,0,0,0,0,0,0,0,0,78,1920
ONEIDATOWN OF NEWBOLD WARDS 2-4,10,586,11,0,0,0,0,0,0,0,3,0,0,0,61,821
ONEIDATOWN OF PELICAN WARDS 1-4,7,604,12,0,2,0,0,0,0,0,6,3,0,0,61,807
ONEIDATOWN OF PINE LAKE WARD 1-4,8,658,16,0,1,0,0,0,0,0,8,1,0,0,66,852
ONEIDATOWN OF STELLA WARDS 1-2,2,156,5,0,0,0,0,0,0,0,0,0,0,0,9,200
ONEIDATOWN OF THREE LAKES WARDS 1-4,5,448,19,0,0,0,0,0,0,0,4,0,0,0,56,1022
ONEIDATOWN OF WOODRUFF WARD 1-3,4,484,10,0,1,0,0,0,0,0,0,0,0,0,31,745
OUTAGAMIECITY OF KAUKAUNA WARDS 1-3,9,759,24,0,1,0,0,0,0,0,1,2,0,0,71,892
OUTAGAMIECITY OF KAUKAUNA WARDS 8-10,8,943,20,0,1,0,0,0,0,0,6,0,0,0,89,1015
OUTAGAMIECITY OF SEYMOUR WARDS 1-6,11,579,21,0,0,0,0,0,0,0,8,0,0,0,65,1001
OUTAGAMIETOWN OF BOVINA WARDS 1-2,2,184,2,0,0,0,0,0,0,0,0,0,0,0,17,427
OUTAGAMIETOWN OF BUCHANAN WARDS 1-10,14,1488,28,0,1,0,0,0,0,0,14,4,0,0,165,2108
OUTAGAMIETOWN OF DALE WARDS 1-3,10,411,15,0,2,0,0,0,0,0,15,0,0,0,36,1102
OUTAGAMIETOWN OF ELLINGTON WARDS 1-5,7,385,8,0,1,0,0,0,0,0,6,1,0,0,44,1208
OUTAGAMIETOWN OF FREEDOM WARDS 1-8,20,971,30,0,2,0,1,0,0,0,10,2,0,0,136,2086
OUTAGAMIETOWN OF GRAND CHUTE WARDS 11-14,8,1044,34,0,1,0,0,0,0,0,9,3,0,0,106,1278
OUTAGAMIETOWN OF GRAND CHUTE WARDS 15-17,11,985,15,0,2,0,0,0,0,0,6,0,0,0,96,1296
"OUTAGAMIETOWN OF GRAND CHUTE WARDS 4-6,9-10",20,1240,36,0,3,0,0,0,0,1,8,3,0,0,119,1467
OUTAGAMIETOWN OF GRAND CHUTE WARDS 7-8,4,394,19,0,0,0,0,0,0,0,2,0,0,1,49,448
OUTAGAMIETOWN OF GREENVILLE WARD 6,1,56,1,0,0,0,0,0,0,0,1,0,0,0,12,158
"OUTAGAMIETOWN OF GREENVILLE WARDS 1-3,5,7-8",26,1522,32,0,4,0,0,0,0,0,11,2,0,0,214,3325
"OUTAGAMIETOWN OF GREENVILLE WARDS 4,9",3,381,4,0,0,0,0,0,0,0,4,1,0,0,39,743
OUTAGAMIETOWN OF HORTONIA WARDS 1-2,3,177,2,0,0,0,0,0,0,0,0,0,0,0,27,427
OUTAGAMIETOWN OF KAUKAUNA WARDS 1-3,1,192,2,0,0,0,0,0,0,0,3,1,0,0,20,507
OUTAGAMIETOWN OF ONEIDA WARDS 1-6,9,830,38,0,2,0,0,0,0,0,3,2,0,0,49,991
OUTAGAMIETOWN OF VANDENBROEK WARDS 1-3,3,267,8,0,0,0,0,0,0,0,1,2,0,0,37,578
OUTAGAMIEVILLAGE OF COMBINED LOCKS WARDS 1-5,11,794,21,0,0,0,0,0,0,0,6,0,0,0,82,1129
OUTAGAMIEVILLAGE OF HARRISON WARDS 1-2,0,0,0,0,0,0,0,0,0,0,0,0,0,0,0,0
OUTAGAMIEVILLAGE OF KIMBERLY WARD 1-9,21,1563,36,0,5,0,0,0,0,4,19,7,0,0,184,1750
OUTAGAMIEVILLAGE OF LITTLE CHUTE WARD 7,6,374,17,0,2,0,0,0,0,0,0,0,0,0,65,534
"OUTAGAMIEVILLAGE OF LITTLE CHUTE WARDS 1,4-5,14",9,574,5,0,0,0,0,0,0,0,7,0,0,0,66,824
"OUTAGAMIEVILLAGE OF LITTLE CHUTE WARDS 2,6,8,12-13",11,424,6,0,1,0,0,0,0,0,4,2,0,0,52,519
"OUTAGAMIEVILLAGE OF LITTLE CHUTE WARDS 3,9-11",9,752,20,0,2,0,0,0,0,0,8,0,0,0,85,1056
OUTAGAMIEVILLAGE OF WRIGHTSTOWN WARD 4,1,34,1,0,0,0,0,0,0,0,1,0,0,0,5,75
OUTAGAMIEVILLAGE OF WRIGHTSTOWN WARD 5,0,0,0,0,0,0,0,0,0,0,0,0,0,0,0,0
OZAUKEECITY OF MEQUON WARD 1,3,620,8,0,2,0,0,0,0,0,10,0,0,0,51,692
OZAUKEECITY OF MEQUON WARD 2,1,157,1,0,0,0,0,0,0,0,3,0,0,0,20,320
"OZAUKEECITY OF MEQUON WARDS 5,7B",2,301,1,0,0,0,0,0,0,2,9,0,0,0,32,490
OZAUKEECITY OF MEQUON WARDS 6-7A,1,451,5,0,2,0,0,0,0,1,13,0,0,0,54,749
OZAUKEEVILLAGE OF GRAFTON WARDS 1-2,4,323,14,0,1,0,0,0,0,0,16,1,0,0,35,601
OZAUKEEVILLAGE OF GRAFTON WARDS 11-12,5,305,6,0,0,0,0,0,0,0,6,1,0,0,29,599
OZAUKEEVILLAGE OF GRAFTON WARDS 13-14,2,457,6,0,0,0,0,0,0,0,5,0,0,0,31,477
OZAUKEEVILLAGE OF GRAFTON WARDS 3-4,8,384,13,0,0,0,0,0,0,0,8,0,0,0,54,625
OZAUKEEVILLAGE OF GRAFTON WARDS 5-6,5,428,10,0,0,0,0,0,0,0,3,0,0,0,38,529
OZAUKEEVILLAGE OF GRAFTON WARDS 7-8,0,305,6,0,0,0,0,0,0,0,7,0,0,0,43,610
OZAUKEEVILLAGE OF GRAFTON WARDS 9-10,3,378,3,0,1,0,0,0,0,0,21,1,0,0,35,539
PIERCETOWN OF ELLSWORTH WARD 1-2,3,208,7,0,0,0,0,0,0,0,2,0,0,0,38,390
POLKTOWN OF FARMINGTON WARDS 1-2,3,275,9,0,0,0,0,0,0,0,1,0,0,0,38,705
POLKVILLAGE OF TURTLE LAKE WARD 2A,0,10,1,0,0,0,0,0,0,0,0,0,0,0,1,22
POLKVILLAGE OF TURTLE LAKE WARD 2B,0,0,0,0,0,0,0,0,0,0,0,0,0,0,0,0
PORTAGECITY OF STEVENS POINT WARDS 10-12,6,633,37,0,1,0,0,0,0,0,10,2,0,0,56,323
PORTAGECITY OF STEVENS POINT WARDS 13-15,6,719,43,0,1,0,0,0,0,0,9,3,0,0,44,378
PORTAGECITY OF STEVENS POINT WARDS 16-18,9,796,17,0,0,0,0,0,0,0,10,0,0,0,68,598
PORTAGECITY OF STEVENS POINT WARDS 19-21,6,680,19,0,1,0,0,0,0,0,2,0,0,0,41,387
PORTAGECITY OF STEVENS POINT WARDS 22-24,2,749,18,0,1,0,0,0,0,0,4,0,0,0,60,555
PORTAGECITY OF STEVENS POINT WARDS 25-27,6,643,28,0,1,0,0,0,0,0,6,0,0,0,35,377
PORTAGECITY OF STEVENS POINT WARDS 28-30,5,679,19,0,0,0,0,0,0,0,0,1,0,0,52,509
PORTAGECITY OF STEVENS POINT WARDS 31-33,2,645,34,0,2,0,0,0,0,0,2,0,0,0,86,410
"PORTAGECITY OF STEVENS POINT WARDS 34,42",0,0,0,0,0,0,0,0,0,0,0,0,0,0,0,0
"PORTAGECITY OF STEVENS POINT WARDS 35,40,43",0,4,0,0,0,0,0,0,0,0,0,0,0,0,0,0
"PORTAGECITY OF STEVENS POINT WARDS 36,38,41",0,0,0,0,0,0,0,0,0,0,0,0,0,0,0,0
"PORTAGECITY OF STEVENS POINT WARDS 37,39",0,2,0,0,0,0,0,0,0,0,0,0,0,0,0,0
PORTAGECITY OF STEVENS POINT WARDS 4-6,3,822,49,0,1,0,0,0,0,1,4,0,0,0,83,398
PORTAGECITY OF STEVENS POINT WARDS 7-9,8,759,50,0,2,0,0,0,0,0,7,0,0,0,97,388
PORTAGETOWN OF AMHERST WARDS 1-2,3,376,3,0,0,0,0,0,0,0,1,1,0,0,19,431
PORTAGETOWN OF BUENA VISTA WARDS 1-2,3,228,2,0,0,0,0,0,0,0,0,0,0,0,13,411
PORTAGETOWN OF CARSON WARDS 1-2,5,292,8,0,0,0,0,0,0,0,0,0,0,0,16,493
PORTAGETOWN OF GRANT WARD 3,0,65,2,0,0,0,0,0,0,0,0,0,0,0,3,157
"PORTAGETOWN OF GRANT WARDS 1-2,4",3,310,9,0,0,0,0,0,0,0,4,0,0,0,24,539
PORTAGETOWN OF HULL WARDS 4-5,3,429,11,0,0,0,0,0,0,0,4,0,0,0,41,532
PORTAGETOWN OF HULL WARDS 6-8,1,537,5,0,1,0,0,0,0,2,4,0,0,0,36,529
PORTAGETOWN OF LANARK WARDS 1-2,7,348,5,0,0,1,0,0,0,0,4,0,0,0,24,473
PORTAGETOWN OF LINWOOD WARDS 1-2,3,267,5,0,0,0,0,0,0,0,1,1,0,0,12,368
PORTAGETOWN OF PINE GROVE WARDS 1-2,3,123,3,0,0,0,0,0,0,0,0,0,0,0,7,233
PORTAGETOWN OF SHARON WARDS 1-3,4,460,5,0,0,0,0,0,0,0,3,1,0,0,36,706
PORTAGETOWN OF STOCKTON WARD 1-5,3,745,20,0,0,0,0,0,0,0,4,2,0,0,47,951
PORTAGEVILLAGE OF PLOVER WARD 1-3,11,1004,17,0,1,0,0,0,0,0,2,0,0,0,81,1001
PORTAGEVILLAGE OF PLOVER WARD 4-6,8,1215,26,0,2,0,0,0,0,0,5,1,0,1,95,1174
PORTAGEVILLAGE OF PLOVER WARD 7-9,8,858,28,0,1,0,0,0,0,0,3,0,0,0,81,757
PRICETOWN OF WORCESTER WARDS 1-3,7,325,9,0,0,0,0,0,0,0,0,0,0,0,19,634
RACINETOWN OF BURLINGTON WARD 11,0,125,2,0,0,0,0,0,0,0,1,0,0,0,14,249
RACINETOWN OF BURLINGTON WARDS 8-10,6,325,6,0,0,0,0,0,0,0,6,1,0,0,33,610
RACINETOWN OF NORWAY WARDS 1-11,14,1138,20,0,2,0,0,0,0,0,33,2,0,0,113,3443
RACINEVILLAGE OF CALEDONIA WARD 20,1,211,4,0,0,0,0,0,0,0,5,0,0,0,9,310
RACINEVILLAGE OF CALEDONIA WARD 3S,0,0,0,0,0,0,0,0,0,0,0,0,0,0,0,0
RACINEVILLAGE OF CALEDONIA WARDS 6-8,10,902,26,0,1,0,0,0,0,0,16,0,0,0,65,1084
RACINEVILLAGE OF MOUNT PLEASANT WARD 5,2,377,7,0,0,0,0,0,0,0,9,2,0,0,36,366
"RACINEVILLAGE OF MOUNT PLEASANT WARDS 1,17,20",7,694,12,0,0,0,0,0,0,0,6,1,0,0,55,718
"RACINEVILLAGE OF MOUNT PLEASANT WARDS 18,23",3,488,1,0,1,0,0,0,0,0,0,0,0,0,14,261
RACINEVILLAGE OF MOUNT PLEASANT WARDS 6-8,9,914,12,0,0,0,0,0,0,0,11,0,0,0,75,930
RACINEVILLAGE OF WATERFORD WARD 1-7,9,877,11,0,1,0,0,0,0,0,12,2,0,0,107,1875
RICHLANDTOWN OF BUENA VISTA WARD 4,0,1,0,0,0,0,0,0,0,0,0,0,0,0,0,4
ROCKCITY OF EVANSVILLE WARDS 1-10,14,1701,41,0,3,0,0,0,0,0,3,2,0,0,95,907
ROCKCITY OF MILTON WARDS 1-12,18,1465,32,0,1,0,0,0,0,0,14,6,0,0,125,1233
ROCKTOWN OF BELOIT WARD 11,0,99,2,0,0,0,0,0,0,0,0,0,0,0,11,116
ROCKTOWN OF BELOIT WARDS 7-10,7,675,20,0,1,0,0,0,0,0,2,1,0,0,70,807
ROCKTOWN OF HARMONY WARD 6,1,1,0,0,0,0,0,0,0,0,0,0,0,0,0,0
ROCKTOWN OF HARMONY WARDS 2-5,10,479,10,0,0,0,0,0,0,0,0,0,0,0,25,528
ROCKTOWN OF ROCK WARD 8,0,0,0,0,0,0,0,0,0,0,0,0,0,0,0,0
SAUKCITY OF BARABOO WARD 1-14,26,2901,96,0,16,0,1,0,0,1,16,4,0,0,217,2361
"SAUKCITY OF REEDSBURG WARDS 1-3,13",3,402,10,0,1,0,0,0,0,0,1,0,0,0,30,476
SAUKCITY OF REEDSBURG WARDS 10-12,6,328,17,0,1,0,0,0,0,0,0,0,0,0,23,397
"SAUKCITY OF REEDSBURG WARDS 4,6,14",3,458,10,0,1,0,0,0,0,0,4,0,0,0,54,553
"SAUKCITY OF REEDSBURG WARDS 5,7-9",7,572,13,0,0,0,0,0,0,0,3,0,0,0,50,645
SAUKCITY OF WISCONSIN DELLS WARD 4,0,38,3,0,0,0,0,0,0,0,0,0,0,0,4,41
"SAUKCITY OF WISCONSIN DELLS WARDS 8,10",0,0,0,0,0,0,0,0,0,0,0,0,0,0,2,1
SAUKTOWN OF BARABOO WARDS 1-4,1,476,13,0,0,1,0,0,0,0,7,0,0,0,30,519
SAUKTOWN OF DELLONA WARDS 1-2,2,354,11,0,2,0,0,0,0,0,0,1,0,0,30,488
SAUKTOWN OF DELTON WARDS 1-4,4,491,18,0,0,0,0,0,0,0,6,0,0,0,38,596
SAUKTOWN OF EXCELSIOR WARDS 1-3,5,359,13,0,0,0,0,0,0,0,0,2,0,0,18,514
SAUKTOWN OF FAIRFIELD WARDS 1-2,3,296,7,0,1,0,0,0,0,0,0,0,0,0,15,333
SAUKTOWN OF FRANKLIN WARD 1-3,1,184,2,0,0,0,0,0,0,0,0,0,0,0,17,173
SAUKTOWN OF FREEDOM WARDS 1-2,2,100,7,0,0,0,0,0,0,0,0,1,0,0,7,142
SAUKTOWN OF LA VALLE WARDS 1-3,2,291,10,0,1,0,0,0,0,0,3,0,0,0,25,460
SAUKTOWN OF PRAIRIE DU SAC WARDS 1-2,1,298,6,0,1,0,0,0,0,0,2,0,0,0,24,311
SAUKTOWN OF REEDSBURG WARDS 1-3,2,236,7,0,2,0,0,0,0,0,2,2,0,0,20,388
SAUKTOWN OF SPRING GREEN WARDS 1-4,4,493,13,0,0,0,0,0,0,0,2,0,0,0,28,451
SAUKTOWN OF SUMPTER WARDS 1-3,3,170,8,0,1,0,0,0,0,0,0,0,0,0,15,184
SAUKTOWN OF WASHINGTON WARDS 1-2,2,140,0,0,0,0,0,0,0,0,0,2,0,0,16,212
SAUKTOWN OF WINFIELD WARDS 1-2,7,183,5,0,5,0,0,0,0,0,0,0,0,0,15,282
SAUKVILLAGE OF LAKE DELTON WARDS 1-3,7,537,14,0,2,0,0,0,0,0,5,3,0,0,29,568
SAUKVILLAGE OF PRAIRIE DU SAC WARDS 1-4,14,1325,28,0,1,0,0,0,0,2,2,1,0,0,91,816
SAUKVILLAGE OF SAUK CITY WARDS 1-5,8,1095,27,0,0,0,0,0,0,0,4,3,0,0,64,645
SAUKVILLAGE OF SPRING GREEN WARDS 1-2,1,573,12,0,3,0,0,0,0,0,6,0,0,0,33,271
SAWYERTOWN OF HAYWARD WARDS 1-8,5,675,28,0,0,0,0,0,0,0,0,0,0,0,39,976
SHAWANOTOWN OF GREEN VALLEY WARDS 1-2,4,133,3,0,0,0,0,0,0,0,1,0,0,0,19,369
SHAWANOTOWN OF WESCOTT WARD 1-4,5,532,10,0,0,0,0,0,0,0,0,0,0,0,45,1107
"SHAWANOVILLAGE OF PULASKI WARDS 4,7",1,18,1,0,0,0,0,0,0,0,0,0,0,0,5,42
SHAWANOVILLAGE OF WITTENBERG WARDS 1-2,3,167,5,0,0,0,0,0,0,0,2,0,0,0,15,205
ST. CROIXCITY OF NEW RICHMOND WARDS 1-6,17,778,31,0,3,0,0,0,0,0,0,1,0,0,84,974
ST. CROIXCITY OF NEW RICHMOND WARDS 7-12,15,856,19,0,8,0,0,0,0,0,5,2,0,0,111,1128
"ST. CROIXCITY OF RIVER FALLS WARDS 1-4,15",11,929,33,0,1,0,0,0,0,0,3,1,0,0,106,817
ST. CROIXTOWN OF BALDWIN WARDS 1-2,4,151,7,0,2,0,0,0,1,0,0,1,0,0,22,346
ST. CROIXTOWN OF EAU GALLE WARDS 1-2,3,210,8,0,1,0,0,0,0,0,0,0,0,0,37,397
ST. CROIXTOWN OF RICHMOND WARDS 1-2,4,300,11,0,0,0,0,0,0,0,4,0,0,0,52,606
ST. CROIXTOWN OF RICHMOND WARDS 3-5,6,275,18,0,1,0,0,0,0,0,2,0,0,0,65,544
ST. CROIXTOWN OF SOMERSET WARDS 1-6,15,709,18,0,2,0,0,0,0,0,1,0,0,0,99,1484
ST. CROIXTOWN OF STAR PRAIRIE WARDS 1-6,15,571,16,0,1,0,0,0,0,0,2,0,0,0,82,1213
TAYLORCITY OF MEDFORD WARD 1-8,13,671,28,0,2,0,0,0,0,0,8,1,0,0,79,1179
TAYLORTOWN OF HAMMEL WARD 1-2,1,94,1,0,0,0,0,0,0,0,1,1,0,0,10,294
TAYLORTOWN OF MEDFORD WARD 1-3,4,297,1,0,0,0,0,0,0,0,3,0,0,0,48,932
TAYLORTOWN OF RIB LAKE WARD 1-2,2,86,2,0,1,0,0,0,0,0,1,0,0,0,15,273
TREMPEALEAUTOWN OF ETTRICK WARDS 1-2,3,313,12,0,0,0,0,0,0,0,0,0,0,0,15,333
TREMPEALEAUTOWN OF GALE WARDS 1-3,6,354,8,0,1,0,0,0,0,0,2,0,0,0,31,547
WALWORTHCITY OF DELAVAN WARD 15,0,0,0,0,0,0,0,0,0,0,0,0,0,0,0,0
WALWORTHCITY OF DELAVAN WARDS 1-14,20,1501,51,0,3,0,0,1,0,0,23,1,0,0,144,1557
WALWORTHCITY OF ELKHORN WARD 8,0,0,0,0,0,0,0,0,0,0,0,0,0,0,0,0
WALWORTHCITY OF ELKHORN WARDS 1-7,25,1726,40,0,4,0,0,0,0,0,41,2,0,0,194,2446
"WALWORTHCITY OF LAKE GENEVA WARDS 1-2,7-9,11-14",7,827,22,0,3,2,0,0,0,0,6,0,0,0,64,809
"WALWORTHCITY OF LAKE GENEVA WARDS 3-6,10",5,728,27,0,0,0,0,0,0,0,6,4,0,0,62,913
WALWORTHCITY OF WHITEWATER WARD 7,3,486,16,0,3,0,0,0,0,0,5,0,0,0,81,343
WALWORTHCITY OF WHITEWATER WARDS 8-9,0,471,17,0,0,0,0,0,0,0,3,1,0,0,77,336
WALWORTHTOWN OF EAST TROY WARD 1,1,116,2,0,0,0,0,0,0,0,4,0,0,0,12,359
WALWORTHTOWN OF EAST TROY WARDS 2-3,3,225,9,0,1,0,0,0,0,0,6,1,0,0,21,573
WALWORTHTOWN OF EAST TROY WARDS 4-6,6,289,6,0,0,0,0,0,0,0,1,1,0,0,39,745
WALWORTHTOWN OF SPRING PRAIRIE WARDS 1-4,5,319,11,0,1,0,0,0,0,0,15,2,0,0,41,953
WALWORTHTOWN OF WALWORTH WARDS 1-3,4,229,12,0,1,0,0,0,0,0,4,1,0,0,28,616
WASHINGTONCITY OF HARTFORD WARDS 1-2,3,300,6,0,1,0,0,0,0,0,14,1,0,0,48,702
"WASHINGTONCITY OF HARTFORD WARDS 11-14,21-22,26-27",7,813,21,0,1,0,0,0,0,0,12,4,0,0,87,1563
WASHINGTONCITY OF HARTFORD WARDS 3-5,6,378,11,0,0,0,0,0,0,0,10,0,0,0,50,844
"WASHINGTONCITY OF HARTFORD WARDS 6,9-10,15-17,20,23-25,28",12,600,22,0,0,0,0,0,0,0,22,2,0,0,79,1228
WASHINGTONCITY OF HARTFORD WARDS 7-8,3,85,1,0,0,0,0,0,0,0,2,0,0,0,10,199
WASHINGTONCITY OF WEST BEND WARD 29,0,0,0,0,0,0,0,0,0,0,0,0,0,0,0,0
WASHINGTONCITY OF WEST BEND WARDS 1-3,6,601,10,0,1,0,0,0,0,0,10,2,0,0,74,1242
"WASHINGTONCITY OF WEST BEND WARDS 11-14,28",8,604,15,0,2,0,0,0,0,0,16,1,0,0,71,1062
WASHINGTONCITY OF WEST BEND WARDS 15-19,12,640,16,0,1,0,0,0,0,0,11,1,0,0,78,1246
WASHINGTONCITY OF WEST BEND WARDS 20-22,7,521,27,0,1,0,0,0,0,0,11,2,0,0,85,1151
"WASHINGTONCITY OF WEST BEND WARDS 23-24,26",13,703,26,0,0,0,0,0,0,1,19,3,0,1,88,1333
"WASHINGTONCITY OF WEST BEND WARDS 25,27",0,0,0,0,0,0,0,0,0,0,0,0,0,0,0,2
WASHINGTONCITY OF WEST BEND WARDS 30-31,0,0,0,0,0,0,0,0,0,0,0,0,0,0,0,0
WASHINGTONCITY OF WEST BEND WARDS 4-6,6,759,24,0,1,0,0,0,0,0,10,2,0,0,79,1234
WASHINGTONCITY OF WEST BEND WARDS 7-8,9,734,17,0,0,0,1,0,0,2,9,0,0,0,95,1414
"WASHINGTONCITY OF WEST BEND WARDS 9-10,32",14,614,18,0,0,0,0,0,0,0,15,2,0,0,84,1166
"WASHINGTONTOWN OF TRENTON WARDS 1-2,8",2,154,6,0,0,0,0,0,0,0,3,0,0,0,15,482
WASHINGTONTOWN OF TRENTON WARDS 3-7,8,525,7,0,0,0,0,0,0,0,5,0,0,0,72,1646
WASHINGTONTOWN OF WEST BEND WARDS 1-8,13,758,25,0,0,1,0,0,0,0,24,3,0,0,93,2103
WASHINGTONVILLAGE OF JACKSON WARD 10,0,0,0,0,0,0,0,0,0,0,0,0,0,0,0,1
WASHINGTONVILLAGE OF JACKSON WARDS 1-9,18,1028,26,0,0,0,0,0,0,0,7,0,0,0,161,2632
"WASHINGTONVILLAGE OF KEWASKUM WARDS 1-5,7",16,560,20,0,0,0,0,0,0,0,15,0,0,0,74,1571
WASHINGTONVILLAGE OF RICHFIELD WARD 3,0,174,6,0,0,0,0,0,0,0,1,0,0,0,21,457
WASHINGTONVILLAGE OF RICHFIELD WARD 4,4,168,2,0,0,0,0,0,0,0,11,0,0,0,25,634
WASHINGTONVILLAGE OF RICHFIELD WARDS 1-2,5,426,7,0,1,0,0,0,0,0,5,2,0,0,47,1318
WASHINGTONVILLAGE OF RICHFIELD WARDS 5-6,7,474,6,0,1,0,0,0,0,0,0,0,0,0,63,1587
WASHINGTONVILLAGE OF RICHFIELD WARDS 7-9,2,577,6,0,2,0,0,0,0,0,17,0,0,0,66,1513
WAUKESHACITY OF DELAFIELD WARDS 1-14,15,1495,16,0,1,0,0,0,0,4,43,0,0,0,165,2624
WAUKESHACITY OF MUSKEGO WARD 13-14,7,589,13,0,0,0,0,0,0,0,19,1,0,0,54,1533
WAUKESHACITY OF MUSKEGO WARD 6-8,8,700,20,0,1,0,0,0,0,0,13,0,0,0,86,1528
WAUKESHACITY OF PEWAUKEE WARDS 1-4,9,1003,20,0,3,0,1,0,0,0,12,0,0,0,115,2244
WAUKESHACITY OF PEWAUKEE WARDS 5-7,10,937,11,0,1,0,0,0,0,0,10,2,0,0,94,1839
WAUKESHACITY OF PEWAUKEE WARDS 8-10,20,933,24,0,1,0,0,0,0,0,14,2,0,0,112,1843
WAUKESHATOWN OF BROOKFIELD WARD 9,2,96,3,0,1,0,0,0,0,0,0,0,0,0,10,163
"WAUKESHATOWN OF BROOKFIELD WARDS 1,3-4,10",2,601,7,0,0,0,0,0,0,0,10,1,0,0,61,945
WAUKESHATOWN OF EAGLE WARDS 1-4,14,564,15,0,0,0,0,0,0,0,11,0,0,0,77,1498
"WAUKESHATOWN OF GENESEE WARDS 1,3,5,9",7,396,7,0,1,0,0,0,0,0,11,0,0,0,55,1026
"WAUKESHATOWN OF GENESEE WARDS 2,4,10",10,450,7,0,1,0,0,0,0,0,11,1,0,1,53,1030
WAUKESHATOWN OF GENESEE WARDS 6-8,7,468,19,0,4,0,0,0,0,0,27,0,0,0,68,1150
WAUKESHATOWN OF LISBON WARD 2,4,397,8,0,1,0,0,0,0,0,17,0,0,0,47,905
WAUKESHATOWN OF LISBON WARD 3,1,193,5,0,2,0,0,0,0,0,5,0,0,0,16,492
"WAUKESHATOWN OF LISBON WARDS 1,6",5,540,16,0,2,0,0,0,0,0,0,1,0,0,73,1482
"WAUKESHATOWN OF MUKWONAGO WARDS 1,7-8",5,313,14,0,0,0,0,0,0,0,2,2,0,0,38,854
"WAUKESHATOWN OF MUKWONAGO WARDS 2-3,9-11",4,532,5,0,0,0,0,0,0,0,2,2,0,0,96,1480
WAUKESHATOWN OF MUKWONAGO WARDS 4-6,5,360,5,0,0,0,0,0,0,0,4,0,0,0,50,1036
WAUKESHATOWN OF OCONOMOWOC WARD 10,0,11,0,0,0,0,0,0,0,0,0,0,0,0,3,10
"WAUKESHATOWN OF OCONOMOWOC WARDS 1-2,4",4,513,19,0,0,0,0,0,0,0,7,0,0,0,55,1518
"WAUKESHATOWN OF OCONOMOWOC WARDS 3,6-7",8,519,13,0,0,0,0,0,0,0,11,0,0,0,50,1102
"WAUKESHATOWN OF OCONOMOWOC WARDS 5,8-9",1,439,5,0,0,0,0,0,0,0,8,1,0,0,56,1257
WAUKESHATOWN OF OTTAWA WARDS 1-5,7,688,15,0,0,0,0,0,0,0,18,0,0,0,91,1647
WAUKESHATOWN OF VERNON WARD 2-7,10,714,16,0,0,0,0,0,0,0,14,1,0,0,77,1895
WAUKESHAVILLAGE OF BUTLER WARDS 1-3,6,323,7,0,1,0,0,0,0,0,4,1,0,0,51,559
WAUKESHAVILLAGE OF DOUSMAN WARDS 1-3,2,371,9,0,0,0,0,0,0,0,7,0,0,0,51,851
WAUKESHAVILLAGE OF EAGLE WARDS 1-2,8,241,8,0,0,0,0,0,0,0,6,2,0,0,45,812
WAUKESHAVILLAGE OF HARTLAND WARDS 1-14,24,1676,36,0,2,0,0,0,0,0,22,4,0,0,234,3233
WAUKESHAVILLAGE OF LANNON WARDS 1-2,4,225,5,0,0,0,0,0,0,0,0,0,0,0,24,452
WAUKESHAVILLAGE OF MERTON WARD 5,0,0,0,0,0,0,0,0,0,0,0,0,0,0,0,3
WAUKESHAVILLAGE OF MERTON WARDS 1-4,6,429,11,0,0,0,0,0,0,0,8,0,0,0,65,1402
WAUKESHAVILLAGE OF NASHOTAH WARDS 1-3,1,238,1,0,0,0,0,0,0,0,3,0,0,0,35,583
"WAUKESHAVILLAGE OF SUMMIT WARD 1,6",0,263,2,0,0,0,0,0,0,0,6,0,0,0,41,662
WAUKESHAVILLAGE OF SUMMIT WARD 2-5,6,627,11,0,0,0,0,0,0,0,14,0,0,0,77,1246
WAUKESHAVILLAGE OF SUSSEX WARD 5,5,274,4,0,0,0,0,0,0,0,6,0,0,0,34,593
WAUKESHAVILLAGE OF SUSSEX WARD 9,0,2,0,0,0,0,0,0,0,0,0,0,0,0,2,8
"WAUKESHAVILLAGE OF SUSSEX WARDS 1,3",4,541,21,0,0,0,0,0,0,0,6,1,0,0,57,1041
"WAUKESHAVILLAGE OF SUSSEX WARDS 2,4",16,659,21,0,0,0,0,0,0,0,0,0,0,0,86,1156
WAUKESHAVILLAGE OF SUSSEX WARDS 6-7,4,477,3,0,3,0,0,0,0,0,14,0,0,0,54,954
WAUKESHAVILLAGE OF WALES WARDS 1-4,11,547,11,0,2,1,0,0,0,0,9,0,0,0,45,1090
WAUPACACITY OF CLINTONVILLE WARD 1-7,5,631,20,0,3,0,0,0,0,0,7,0,0,0,76,1141
WAUPACACITY OF CLINTONVILLE WARD 8,0,0,0,0,0,0,0,0,0,0,0,0,0,0,0,1
WAUPACACITY OF WAUPACA WARDS 1-12,9,1172,45,0,0,0,0,0,0,0,6,5,0,0,107,1340
WINNEBAGOCITY OF MENASHA WARD 1B,0,0,0,0,0,0,0,0,0,0,0,0,0,0,0,0
WINNEBAGOCITY OF MENASHA WARD 5B,0,0,0,0,0,0,0,0,0,0,0,0,0,0,0,0
"WINNEBAGOCITY OF MENASHA WARDS 1A-2,4,7",11,887,31,0,1,0,0,0,0,0,7,2,0,0,103,828
"WINNEBAGOCITY OF MENASHA WARDS 5A-6,8-9,23-29,31-35,38",10,909,37,0,3,0,0,0,0,0,8,3,0,0,73,887
WINNEBAGOCITY OF OMRO WARD 1-8,7,648,16,0,0,3,0,0,0,0,4,4,0,0,75,984
WINNEBAGOTOWN OF MENASHA WARDS 11-13,8,842,22,0,4,0,0,0,0,0,5,3,0,0,77,756
WINNEBAGOTOWN OF MENASHA WARDS 8-10,11,822,16,0,1,0,0,0,0,0,6,0,0,0,82,920
"WINNEBAGOTOWN OF OSHKOSH WARDS 1A,2-5",10,539,11,0,1,0,0,0,0,0,4,1,0,0,47,953
"WINNEBAGOVILLAGE OF FOX CROSSING WARDS 1-2,4,7",21,1282,35,0,1,0,0,0,0,0,14,1,0,0,168,1765
"WINNEBAGOVILLAGE OF FOX CROSSING WARDS 3,5-6",19,1019,28,0,1,0,0,0,0,0,18,0,0,0,157,1461
"WOODCITY OF MARSHFIELD WARDS 1,11",2,272,11,0,1,0,0,0,0,0,4,1,0,0,31,302
"WOODCITY OF MARSHFIELD WARDS 3,13",1,503,8,0,0,0,0,0,0,2,6,2,0,0,46,587
"WOODCITY OF MARSHFIELD WARDS 4,14",3,446,9,0,0,0,0,0,0,1,3,0,0,0,49,521
"WOODCITY OF MARSHFIELD WARDS 5,15",7,351,21,0,1,0,1,0,0,0,0,2,0,0,34,470
"WOODCITY OF MARSHFIELD WARDS 6,17,25-26",4,448,12,0,0,0,0,0,0,0,0,0,0,0,42,585
"WOODCITY OF MARSHFIELD WARDS 7,16,27",4,349,8,0,0,0,0,0,0,0,4,1,0,0,24,465
"WOODCITY OF MARSHFIELD WARDS 8,19,22-23",4,416,16,0,1,0,0,0,0,0,1,0,0,0,42,559
"WOODCITY OF MARSHFIELD WARDS 9,18",7,342,21,0,0,0,1,0,0,0,1,1,0,0,45,403
